pdb,antigen_group,heavy_seq,antigen_seq,label,cdrh3_seq,cdrh3_imgt_numbering,cdrh3_len
9uax,neuraminidase,EVQLVESGGGLVQPGGSLRLSCAASGVTFSDHAMNWVRQAPGKGLEWVAGIIGSGGNTKYADSVKGRFTISRDNSENTVHLQMNSLRAEDTAMYYCAKTAHTSGHFYNGMDVWGLGTTVTVSSASTKGPSVFPLAPSSKSTSGGTAALGCLVKDYFPEPVTVSWNSGALTSGVHTFPAVLQSSGLYSLSSVVTVPSSSLGTQTYICNVNHKPSNTKVDKRVEPKSCDKHHHHHH,MLLVNQSHQGFNKEHTSKMVSAIVLYVLLAAAAHSAFAADPHHHHHHSSSDYSDLQRVKQELLEEVKKELQKVKEEIIEAFVQELRKRGSLVPRGSPSRSEFEYRNWSKPQCDITGFAPFSKDNSIRLSAGGDIWVTREPYVSCDPDKCYQFALGKGTTLNNVHSNNTVRDRTPYRTLLMNELGVPFHLGTKQVCIAWSSSSCHDGKAWLHVCITGDDKNATASFIYNGRLVDSVVSWSKEILRTQESECVCINGTCTVVMTDGSASGKADTKILFIEEGKIVHTSTLSGSAQHVEECSCYPRYPGVRCVCRDNWKGSNRPIVDINIKDHSIVSSYVCSGLVGDTPRKNDSSSSSHCLDPNNEEGGHGVKGWAFDDGNDVWMGRTISEKSRLGYETFKVIEGWSNPKSKLQINRQVIVDRGNRSGYSGIFSVEGKSCINRCFYVELIRGRKEETEVLWTSNSIVVFCGTSGTYGTGSWPDGADINLMPI,1,AKTAHTSGHFYNGMDV,"[[""105"", ""A""], [""106"", ""K""], [""107"", ""T""], [""108"", ""A""], [""109"", ""H""], [""110"", ""T""], [""111"", ""S""], [""111A"", ""G""], [""112B"", ""H""], [""112A"", ""F""], [""112"", ""Y""], [""113"", ""N""], [""114"", ""G""], [""115"", ""M""], [""116"", ""D""], [""117"", ""V""]]",16.0
9ub1,neuraminidase,EVQLVESGGGLVQPGGSLRLSCTVSGFTFTSYEINWVRQAPGKGLEWVSYISQSGSTIYYTDSVQGRFTISRDNAENSVYLQMDSLRVEDTAVYYCARDRLPDRDSGDYESRFDFWGQGTLVTVSSASTKGPSVFPLAPSSKSTSGGTAALGCLVKDYFPEPVTVSWNSGALTSGVHTFPAVLQSSGLYSLSSVVTVPSSSLGTQTYICNVNHKPSNTKVDKRVEPKSCDK,MLLVNQSHQGFNKEHTSKMVSAIVLYVLLAAAAHSAFAADPHHHHHHSSSDYSDLQRVKQELLEEVKKELQKVKEEIIEAFVQELRKRGSLVPRGSPSRSEFEYRNWSKPQCDITGFAPFSKDNSIRLSAGGDIWVTREPYVSCDPDKCYQFALGKGTTLNNVHSNNTVRDRTPYRTLLMNELGVPFHLGTKQVCIAWSSSSCHDGKAWLHVCITGDDKNATASFIYNGRLVDSVVSWSKEILRTQESECVCINGTCTVVMTDGSASGKADTKILFIEEGKIVHTSTLSGSAQHVEECSCYPRYPGVRCVCRDNWKGSNRPIVDINIKDHSIVSSYVCSGLVGDTPRKNDSSSSSHCLDPNNEEGGHGVKGWAFDDGNDVWMGRTISEKSRLGYETFKVIEGWSNPKSKLQINRQVIVDRGNRSGYSGIFSVEGKSCINRCFYVELIRGRKEETEVLWTSNSIVVFCGTSGTYGTGSWPDGADINLMPI,1,ARDRLPDRDSGDYESRFDF,"[[""105"", ""A""], [""106"", ""R""], [""107"", ""D""], [""108"", ""R""], [""109"", ""L""], [""110"", ""P""], [""111"", ""D""], [""111A"", ""R""], [""111B"", ""D""], [""111C"", ""S""], [""112C"", ""G""], [""112B"", ""D""], [""112A"", ""Y""], [""112"", ""E""], [""113"", ""S""], [""114"", ""R""], [""115"", ""F""], [""116"", ""D""], [""117"", ""F""]]",19.0
9nj2,neuraminidase,QVHLVQSGAEVKEPGSSVTVSCKASGGSFNNQAISWVRQAPGQGLEWMGGIFPISGTPTSAQRFQGRVTFTADESTTTVYMDLSSLRSDDTAVYYCARAGSDYFNRDLGWENYYFASWGQGTLVTVSS,HHHHHHGSGLNDIFEAQKIEWHEGSIINETADDIVYRLTVIIDDRYESLKNLITLRADRLEMIINDNVSTILASGLVPRGSGSVKLAGNSSLCPINGWAVYSKDNSIRIGSKGDVFVIREPFISCSHLECRTFFLTQGALLNDKHSNGTVKDRSPHRTLMSCPVGEAPSPYNSRFESVAWSASACHDGTSWLTIGISGPDNGAVAVLKYNGIITDTIKSWRNNILRTQESECACVNGSCFTVMTDGPSNGQASHKIFKMEKGKVVKSVELDAPNYHYEECSCYPNAGEITCVCRDNWHGSNRPWVSFNQNLEYQIGYICSGVFGDNPRPNDGTGSCGPVSSNGAYGVKGFSFKYGNGVWIGRTKSTNSRSGFEMIWDPNGWTETDSSFSVKQDIVAITDWSGYSGSFVQHPELTGLDCIRPCFWVELIRGRPKESTIWTSGSSISFCGVNSDTVGWSWPDGAELPFTIDK,1,ARAGSDYFNRDLGWENYYFAS,"[[""105"", ""A""], [""106"", ""R""], [""107"", ""A""], [""108"", ""G""], [""109"", ""S""], [""110"", ""D""], [""111"", ""Y""], [""111A"", ""F""], [""111B"", ""N""], [""111C"", ""R""], [""111D"", ""D""], [""112D"", ""L""], [""112C"", ""G""], [""112B"", ""W""], [""112A"", ""E""], [""112"", ""N""], [""113"", ""Y""], [""114"", ""Y""], [""115"", ""F""], [""116"", ""A""], [""117"", ""S""]]",21.0
9osr,neuraminidase,EVQLVESGAEVKKPGSSVKVSCMASGGSFGSYGFSWVRQAPGQGLEWMGGIIPLFDTPNYAQKFQGRVTITADASTSTVYMELSSLRSEDTAVYYCARDSLPYGDQNYYYGMHVWGQGTTVTVSS,AEYRNWSKPQCNITGFAPFSKDNSIRLSAGGDIWVTREPYVSCDPDKCYQFALGQGTTLNNGHSNDTVHDRTPYRTLLMNELGVPFHLGTKQVCIAWSSSSCHDGKAWLHVCVTGDDENATASFIYNGRLVDSIGSWSKKILRTQESECVCINGTCTVVMTDGSASGKADTKILFIEEGKIVHTSPLSGSAQHVEECSCYPRYPGVRCVCRDNWKGSNRPIVDINVKDYSIVSSYVCSGLVGDTPRKNDSSSSSHCLDPNNEEGGHGVKGWAFDDGNDVWMGRTISEKLRSGYETFKVIEGWSKPNSKLQINRQVIVDRGNRSGYSGIFSVEGKSCINRCFYVELIRGRKQETEVLWTSNSIVVFCGTSGTYGTGSWPDGADINLMPI,1,ARDSLPYGDQNYYYGMHV,"[[""105"", ""A""], [""106"", ""R""], [""107"", ""D""], [""108"", ""S""], [""109"", ""L""], [""110"", ""P""], [""111"", ""Y""], [""111A"", ""G""], [""111B"", ""D""], [""112C"", ""Q""], [""112B"", ""N""], [""112A"", ""Y""], [""112"", ""Y""], [""113"", ""Y""], [""114"", ""G""], [""115"", ""M""], [""116"", ""H""], [""117"", ""V""]]",18.0
9md2,neuraminidase,EVQLVESGGDLVKPGGSLKLSCAASGFTFSSYGMSWVRQTPDKRLEWVATISSGGSYTYYPDSVKGRFTISRDNAKNTLYLQMSSLKSEDTAMYYCARGGYYGSSYWYFDVWGTGTPVTVSS,MYSMQLASCVTLTLVLLVNSQHHHHHHGSSSSDYSDLQRVKQELLEEVKKELQKVKEEIIEAFVQELRKRGSLVPRGSGGEYRNWSKPQCNITGFAPFSKDNSIRLSAGGDIWVTREPYVSCDPDKCYQFALGQGTTLNNGHSNNTVHDRTPYRTLLMNELGVPFHLGTRQVCMAWSSSSCHDGKAWLHVCITGNDNNATASFIYNGRLVDSIGSWSKNILRTQESECVCINGTCTVVMTDGSASGKADTKILFVEEGKIVHISTLSGSAQHVEECSCYPRFPGVRCVCRDNWKGSNRPIVDINVKNYSIVSSYVCSGLVGDTPRKSDSVSSSYCLDPNNEKGGHGVKGWAFDDGNDVWMGRTINETLRLGYETFKVIEGWSKANSKLQTNRQVIVEKGDRSGYSGIFSVEGKSCINRCFYVELIRGRKEETKVWWTSNSIVVFCGTSGTYGTGSWPDGADINLMPI,1,ARGGYYGSSYWYFDV,"[[""105"", ""A""], [""106"", ""R""], [""107"", ""G""], [""108"", ""G""], [""109"", ""Y""], [""110"", ""Y""], [""111"", ""G""], [""111A"", ""S""], [""112A"", ""S""], [""112"", ""Y""], [""113"", ""W""], [""114"", ""Y""], [""115"", ""F""], [""116"", ""D""], [""117"", ""V""]]",15.0
9md3,neuraminidase,EVKLVESGGGLVQPGGSLKLSCAASGFTFSDYYMYWVRQTPEKRLEWVAYISNGGGSTYYPDTVKGRFTISRDNAKNTLYLQMSRLKSEDTAMYYCARSDDGDYFDYWGQGTTLTVSS,MYSMQLASCVTLTLVLLVNSQHHHHHHGSSSSDYSDLQRVKQELLEEVKKELQKVKEEIIEAFVQELRKRGSLVPRGSGGEYRNWSKPQCNITGFAPFSKDNSIRLSAGGDIWVTREPYVSCDPDKCYQFALGQGTTLNNGHSNNTVHDRTPYRTLLMNELGVPFHLGTRQVCMAWSSSSCHDGKAWLHVCITGNDNNATASFIYNGRLVDSIGSWSKNILRTQESECVCINGTCTVVMTDGSASGKADTKILFVEEGKIVHISTLSGSAQHVEECSCYPRFPGVRCVCRDNWKGSNRPIVDINVKNYSIVSSYVCSGLVGDTPRKSDSVSSSYCLDPNNEKGGHGVKGWAFDDGNDVWMGRTINETLRLGYETFKVIEGWSKANSKLQTNRQVIVEKGDRSGYSGIFSVEGKSCINRCFYVELIRGRKEETKVWWTSNSIVVFCGTSGTYGTGSWPDGADINLMPI,1,ARSDDGDYFDY,"[[""105"", ""A""], [""106"", ""R""], [""107"", ""S""], [""108"", ""D""], [""109"", ""D""], [""110"", ""G""], [""113"", ""D""], [""114"", ""Y""], [""115"", ""F""], [""116"", ""D""], [""117"", ""Y""]]",11.0
9md4,neuraminidase,EVKLVESEGGLVQPGSSMKLSCTASGFTFSDDYMAWVRQVAEKGLEWLAKINFDGTSTYYLDSLKSRFIISRDNAKNILYLQMSSLKSEDTATYYCARAGYYYGSSYWYFDVWGTGTTVTVSS,MYSMQLASCVTLTLVLLVNSQHHHHHHGSSSSDYSDLQRVKQELLEEVKKELQKVKEEIIEAFVQELRKRGSLVPRGSGGEYRNWSKPQCNITGFAPFSKDNSIRLSAGGDIWVTREPYVSCDPDKCYQFALGQGTTLNNGHSNNTVHDRTPYRTLLMNELGVPFHLGTRQVCMAWSSSSCHDGKAWLHVCITGNDNNATASFIYNGRLVDSIGSWSKNILRTQESECVCINGTCTVVMTDGSASGKADTKILFVEEGKIVHISTLSGSAQHVEECSCYPRFPGVRCVCRDNWKGSNRPIVDINVKNYSIVSSYVCSGLVGDTPRKSDSVSSSYCLDPNNEKGGHGVKGWAFDDGNDVWMGRTINETLRLGYETFKVIEGWSKANSKLQTNRQVIVEKGDRSGYSGIFSVEGKSCINRCFYVELIRGRKEETKVWWTSNSIVVFCGTSGTYGTGSWPDGADINLMPI,1,ARAGYYYGSSYWYFDV,"[[""105"", ""A""], [""106"", ""R""], [""107"", ""A""], [""108"", ""G""], [""109"", ""Y""], [""110"", ""Y""], [""111"", ""Y""], [""111A"", ""G""], [""112B"", ""S""], [""112A"", ""S""], [""112"", ""Y""], [""113"", ""W""], [""114"", ""Y""], [""115"", ""F""], [""116"", ""D""], [""117"", ""V""]]",16.0
9md5,neuraminidase,EMKLVESEGGLVQPGRSMKLSCTASGFTFSDYYMAWVRQVPEKGLEWVAKINYDGSSTYYLDSLKSRFFISRDNAKNILYLQMSSLKSEDTATYYCARAHYVDERSYWYFDVWGTGTTVTVSS,MYSMQLASCVTLTLVLLVNSQHHHHHHGSSSSDYSDLQRVKQELLEEVKKELQKVKEEIIEAFVQELRKRGSLVPRGSGGEYRNWSKPQCNITGFAPFSKDNSIRLSAGGDIWVTREPYVSCDPDKCYQFALGQGTTLNNGHSNNTVHDRTPYRTLLMNELGVPFHLGTRQVCMAWSSSSCHDGKAWLHVCITGNDNNATASFIYNGRLVDSIGSWSKNILRTQESECVCINGTCTVVMTDGSASGKADTKILFVEEGKIVHISTLSGSAQHVEECSCYPRFPGVRCVCRDNWKGSNRPIVDINVKNYSIVSSYVCSGLVGDTPRKSDSVSSSYCLDPNNEKGGHGVKGWAFDDGNDVWMGRTINETLRLGYETFKVIEGWSKANSKLQTNRQVIVEKGDRSGYSGIFSVEGKSCINRCFYVELIRGRKEETKVWWTSNSIVVFCGTSGTYGTGSWPDGADINLMPI,1,ARAHYVDERSYWYFDV,"[[""105"", ""A""], [""106"", ""R""], [""107"", ""A""], [""108"", ""H""], [""109"", ""Y""], [""110"", ""V""], [""111"", ""D""], [""111A"", ""E""], [""112B"", ""R""], [""112A"", ""S""], [""112"", ""Y""], [""113"", ""W""], [""114"", ""Y""], [""115"", ""F""], [""116"", ""D""], [""117"", ""V""]]",16.0
9md6,neuraminidase,QVQLQQPGTELVKPGASVKLSCKTSGFSFTSDWIHWVKQRPGQGLEWIGNINPSNGGPSYNEKFKSKATLTVDKSSSTAYMQLNSLTSEDSAVYYCSQSGNYDYDDYAMDYWGQGTSVTVSS,MYSMQLASCVTLTLVLLVNSQHHHHHHGSSSSDYSDLQRVKQELLEEVKKELQKVKEEIIEAFVQELRKRGSLVPRGSGGEYRNWSKPQCNITGFAPFSKDNSIRLSAGGDIWVTREPYVSCDPDKCYQFALGQGTTLNNGHSNNTVHDRTPYRTLLMNELGVPFHLGTRQVCMAWSSSSCHDGKAWLHVCITGNDNNATASFIYNGRLVDSIGSWSKNILRTQESECVCINGTCTVVMTDGSASGKADTKILFVEEGKIVHISTLSGSAQHVEECSCYPRFPGVRCVCRDNWKGSNRPIVDINVKNYSIVSSYVCSGLVGDTPRKSDSVSSSYCLDPNNEKGGHGVKGWAFDDGNDVWMGRTINETLRLGYETFKVIEGWSKANSKLQTNRQVIVEKGDRSGYSGIFSVEGKSCINRCFYVELIRGRKEETKVWWTSNSIVVFCGTSGTYGTGSWPDGADINLMPI,1,SQSGNYDYDDYAMDY,"[[""105"", ""S""], [""106"", ""Q""], [""107"", ""S""], [""108"", ""G""], [""109"", ""N""], [""110"", ""Y""], [""111"", ""D""], [""111A"", ""Y""], [""112A"", ""D""], [""112"", ""D""], [""113"", ""Y""], [""114"", ""A""], [""115"", ""M""], [""116"", ""D""], [""117"", ""Y""]]",15.0
9eje,neuraminidase,QVQLPESGPRLVKPSETLSLTCSVSGESISSGGYYWTWIRQHPGKGLEWIGNIFDTGSTHYSPSLKTRLTISIDTSKNQFYLRLNSATAADTAVYYCARVGYSLETDRPYYFGLDVWGQGTTVTVSS,EFLNNTEPLCNVSGFAIVSKDNGIRIGSRGHVFVIREPFVACGPTECRTFFLTQGALLNDKHSNNTVKDRSPYRALMSVPLGSSPNAYQAKFESVAWSATACHDGKRWLAVGISGADDDAYAVIHYGGMPTDVVRSWRKQILRTQESSCVCMKGNCYWVMTDGPANSQASYKIFKSHKGMVTNEREVSFQGGHIEECSCYPNLGKVECVCRDNWNGMNRPVLTFDEDLNYEVGYLCAGIPTDTPRVQDNSFIGSCTNAVGGSGTNNYGVKGFGFRQGNSVWAGRTVSISSRSGFEILLVEDGWVKTSKNVVKKVEVLNNKNWSGYSGAFTIPITMTSKQCLVPCFWLEMIRGKPEERTSIWTSSSSTVFCGVSSEVPGWSWDDGAILPFDIDKM,1,ARVGYSLETDRPYYFGLDV,"[[""105"", ""A""], [""106"", ""R""], [""107"", ""V""], [""108"", ""G""], [""109"", ""Y""], [""110"", ""S""], [""111"", ""L""], [""111A"", ""E""], [""111B"", ""T""], [""111C"", ""D""], [""112C"", ""R""], [""112B"", ""P""], [""112A"", ""Y""], [""112"", ""Y""], [""113"", ""F""], [""114"", ""G""], [""115"", ""L""], [""116"", ""D""], [""117"", ""V""]]",19.0
9cye,neuraminidase,EVQLVESGPGLVKPSQTLSLTCTVSGGSFSSGGYLWSWVRQHPGKGLEWIGYILYSGSPYYNPSLESRATISLDTSKNQFSLRLISVTAADAAMYYCARVDGSGNTDRYYFYGMDVWGQGTMVTVSSASTKGPSVFPLAPSSKSTSGGTAALGCLVKDYFPEPVTVSWNSGALTSGVHTFPAVLQSSGLYSLSSVVTVPSSSLGTQTYICNVNHKPSNTKVDKRVEPKSCD,MYSMQLASCVTLTLVLLVNSQHHHHHHGSAWSHPQFEKGGSSSDYSDLQRVKQELLEEVKKELQKVKEEIIEAFVQELRKRGSLVPRGSGGVKLAGNSSLCPVSGWAPLSKDNSVRIGSKGDVFVIREPFISCSPLECRTFFLTQGALLNDKHSNGTIKDRSPYRTLMSVPIGSVPSPYNARFESIAWSASACHDGINWLTIGITGPDNGAVAILKYNGIITDTIKSWRNNILRTQESECACVNGSCFTVMTDGPSNGQASYKIFRIEKGKIVKSVEMNAPNYHYEECSCYPDSSEITCVCRDNWHGSNRPWVSFNQNLEYQIGYICSGIFGDNPRPNDKTGSCGPVSSNGANGVKGFSFKYGNGVWIGRTKSISSRNGFEMIWDPNGWTGTDNNFSIKQDIVGINEWSGYSGSFVMHPELTGLDCIVPCFWVELIRGRPKENTIWTSGSSISFCGVNSDTVGWSWPDGAELPFTIDK,1,ARVDGSGNTDRYYFYGMDV,"[[""105"", ""A""], [""106"", ""R""], [""107"", ""V""], [""108"", ""D""], [""109"", ""G""], [""110"", ""S""], [""111"", ""G""], [""111A"", ""N""], [""111B"", ""T""], [""111C"", ""D""], [""112C"", ""R""], [""112B"", ""Y""], [""112A"", ""Y""], [""112"", ""F""], [""113"", ""Y""], [""114"", ""G""], [""115"", ""M""], [""116"", ""D""], [""117"", ""V""]]",19.0
9cyf,neuraminidase,EVQLVESGPGLVKPSQTLSLTCTVSGGSFSSGGYLWSWVRQHPGKGLEWIGYILYSGSPYYNPSLESRATISLDTSKNQFSLRLISVTAADAAMYYCARVDGSGNTDRYYFYGMDVWGQGTMVTVSSASTKGPSVFPLAPSSKSTSGGTAALGCLVKDYFPEPVTVSWNSGALTSGVHTFPAVLQSSGLYSLSSVVTVPSSSLGTQTYICNVNHKPSNTKVDKRVEPKSCD,MDAMKRGLCCVLLLCGAVFVSPHHHHHHGSSSSDYSDLQRVKQELLEEVKKELQKVKEEIIEAFVQELRKRGSENLYFQSGSEYRNWSKPQCGITGFAPFSKDNSIRLSAGGDIWVTREPYVSCDPDKCYQFALGQGTTINNVHSNNTARDRTPHRTLLMNELGVPFHLGTKQVCIAWSSSSCHDGKAWLHVCITGDDKNATASFIYNGRLVDSVVSWSKDILRTQESECVCINGTCTVVMTDGNATGKADTKILFIEEGKIVHTSKLSGSAQHVEECSCYPRYPGVRCVCRDNWKGSNRPIVDINIKDHSIVSSYVCSGLVGDTPRKTDSSSSSHCLNPNNEKGGHGVKGWAFDDGNDVWMGRTINETSRLGYETFKVVEGWSNPKSKLQINRQVIVDRGDRSGYSGIFSVEGKSCINRCFYVELIRGRKEETEVLWTSNSIVVFCGTSGTYGTGSWPDGADLNLMHI,1,ARVDGSGNTDRYYFYGMDV,"[[""105"", ""A""], [""106"", ""R""], [""107"", ""V""], [""108"", ""D""], [""109"", ""G""], [""110"", ""S""], [""111"", ""G""], [""111A"", ""N""], [""111B"", ""T""], [""111C"", ""D""], [""112C"", ""R""], [""112B"", ""Y""], [""112A"", ""Y""], [""112"", ""F""], [""113"", ""Y""], [""114"", ""G""], [""115"", ""M""], [""116"", ""D""], [""117"", ""V""]]",19.0
9cyh,neuraminidase,EVQLVESGPGLVKPSQTLSLTCTVSGGSFSSGGYLWSWVRQHPGKGLEWIGYILYSGSPYYNPSLESRATISLDTSKNQFSLRLISVTAADAAMYYCARVDGSGNTDRYYFYGMDVWGQGTMVTVSSASTKGPSVFPLAPSSKSTSGGTAALGCLVKDYFPEPVTVSWNSGALTSGVHTFPAVLQSSGLYSLSSVVTVPSSSLGTQTYICNVNHKPSNTKVDKRVEPKSCD,MYSMQLASCVTLTLVLLVNSQHHHHHHGSAWSHPQFEKGGSSSDYSDLQRVKQELLEEVKKELQKVKEEIIEAFVQELRKRGSLVPRGSGGPEPEWTYPRLSCPGSTFQKALLISPHRFGETKGNSAPLIIREPFVACGPNECKHFALTHYAAQPGGYYNGTRGDRNKLRHLISVKLGKIPTVENSIFHMAAWSGSACHDGKEWTYIGVDGPDNNALLKVKYGEAYTDTYHSYANNILRTQESACNCIGGNCYLMITDGSASGVSECRFLKIREGRIIKEIFPTGRVKHTEECTCGFASNKTIECACRDNRYTAKRPFVKLNVETDTAEIRLMCTDTYLDTPRPNDGSITGPCESDGDKGSGGIKGGFVHQRMKSKIGRWYSRTMSQTERMGMGLYVKYGGDPWADSDALAFSGVMVSMKEPGWYSFGFEIKDKKCDVPCIGIEMVHDGGKETWHSAATAIYCLMGSGQLLWDTVTGVDMAL,1,ARVDGSGNTDRYYFYGMDV,"[[""105"", ""A""], [""106"", ""R""], [""107"", ""V""], [""108"", ""D""], [""109"", ""G""], [""110"", ""S""], [""111"", ""G""], [""111A"", ""N""], [""111B"", ""T""], [""111C"", ""D""], [""112C"", ""R""], [""112B"", ""Y""], [""112A"", ""Y""], [""112"", ""F""], [""113"", ""Y""], [""114"", ""G""], [""115"", ""M""], [""116"", ""D""], [""117"", ""V""]]",19.0
9cyi,neuraminidase,EVQLVESGGRALRPGGSLRLSCAASGFKFDDYAMSWVRQVPGKGLEFVSGLNWNGDITAYTDSVKGRFTVSRDNAKNSLYLHINSPKPEDTALYYCARTSSWGDYTRGPEPKITWYFDLWGRGTLVTVSSASTKGPSVFPLAPSSKSTSGGTAALGCLVKDYFPEPVTVSWNSGALTSGVHTFPAVLQSSGLYSLSSVVTVPSSSLGTQTYICNVNHKPSNTKVDKRVEPKSC,MDAMKRGLCCVLLLCGAVFVSPHHHHHHGSSSSDYSDLQRVKQELLEEVKKELQKVKEEIIEAFVQELRKRGSENLYFQSGSEYRNWSKPQCGITGFAPFSKDNSIRLSAGGDIWVTREPYVSCDPDKCYQFALGQGTTINNVHSNNTARDRTPHRTLLMNELGVPFHLGTKQVCIAWSSSSCHDGKAWLHVCITGDDKNATASFIYNGRLVDSVVSWSKDILRTQESECVCINGTCTVVMTDGNATGKADTKILFIEEGKIVHTSKLSGSAQHVEECSCYPRYPGVRCVCRDNWKGSNRPIVDINIKDHSIVSSYVCSGLVGDTPRKTDSSSSSHCLNPNNEKGGHGVKGWAFDDGNDVWMGRTINETSRLGYETFKVVEGWSNPKSKLQINRQVIVDRGDRSGYSGIFSVEGKSCINRCFYVELIRGRKEETEVLWTSNSIVVFCGTSGTYGTGSWPDGADLNLMHI,1,ARTSSWGDYTRGPEPKITWYFDL,"[[""105"", ""A""], [""106"", ""R""], [""107"", ""T""], [""108"", ""S""], [""109"", ""S""], [""110"", ""W""], [""111"", ""G""], [""111A"", ""D""], [""111B"", ""Y""], [""111C"", ""T""], [""111D"", ""R""], [""111E"", ""G""], [""112E"", ""P""], [""112D"", ""E""], [""112C"", ""P""], [""112B"", ""K""], [""112A"", ""I""], [""112"", ""T""], [""113"", ""W""], [""114"", ""Y""], [""115"", ""F""], [""116"", ""D""], [""117"", ""L""]]",23.0
9cyj,neuraminidase,QVHLVQSGAEVKEPGSSVTVSCKASGGSFNNQAISWVRQAPGQGLEWMGGIFPISGTPTSAQRFQGRVTFTADESTTTVYMDLSSLRSDDTAVYYCARAGSDYFNRDLGWENYYFASWGQGTLVTVSSASTKGPSVFPLAPSSKSTSGGTAALGCLVKDYFPEPVTVSWNSGALTSGVHTFPAVLQSSGLYSLSSVVTVPSSSLGTQTYICNVNHKPSNTKVDKKVEPKSC,MDAMKRGLCCVLLLCGAVFVSPHHHHHHGSSSSDYSDLQRVKQELLEEVKKELQKVKEEIIEAFVQELRKRGSENLYFQSGSEYRNWSKPQCGITGFAPFSKDNSIRLSAGGDIWVTREPYVSCDPDKCYQFALGQGTTINNVHSNNTARDRTPHRTLLMNELGVPFHLGTKQVCIAWSSSSCHDGKAWLHVCITGDDKNATASFIYNGRLVDSVVSWSKDILRTQESECVCINGTCTVVMTDGNATGKADTKILFIEEGKIVHTSKLSGSAQHVEECSCYPRYPGVRCVCRDNWKGSNRPIVDINIKDHSIVSSYVCSGLVGDTPRKTDSSSSSHCLNPNNEKGGHGVKGWAFDDGNDVWMGRTINETSRLGYETFKVVEGWSNPKSKLQINRQVIVDRGDRSGYSGIFSVEGKSCINRCFYVELIRGRKEETEVLWTSNSIVVFCGTSGTYGTGSWPDGADLNLMHI,1,ARAGSDYFNRDLGWENYYFAS,"[[""105"", ""A""], [""106"", ""R""], [""107"", ""A""], [""108"", ""G""], [""109"", ""S""], [""110"", ""D""], [""111"", ""Y""], [""111A"", ""F""], [""111B"", ""N""], [""111C"", ""R""], [""111D"", ""D""], [""112D"", ""L""], [""112C"", ""G""], [""112B"", ""W""], [""112A"", ""E""], [""112"", ""N""], [""113"", ""Y""], [""114"", ""Y""], [""115"", ""F""], [""116"", ""A""], [""117"", ""S""]]",21.0
9eit,neuraminidase,LVKPSETLSLTCSVSGESISSGGYYWTWIRQHPGKGLEWIGNIFDTGSTHYSPSLKTRLTISIDTSKNQFYLRLNSATAADTAVYYCARVGYSLETDRPYYFGLDVWGQGTTVTVSS,EFLNNTEPLCNVSGFAIVSKDNGIRIGSRGHVFVIREPFVACGPTECRTFFLTQGALLNDKHSNNTVKDRSPYRALMSVPLGSSPNAYQAKFESVAWSATACHDGKKWLAVGISGADDDAYAVIHYGGMPTDVVRSWRKQILRTQESSCVCMNGNCYWVMTDGPANSQASYKIFKSHEGMVTNEREVSFQGGHIEECSCYPNLGKVECVCRDNWNGMNRPILIFDEDLDYEVGYLCAGIPTDTPRVQDSSFTGSCTNAVGGSGTNNYGVKGFGFRQGNSVWAGRTVSISSRSGFEILLIEDGWIRTSKTIVKKVEVLNNKNWSGYSGAFTIPITMTSKQCLVPCFWLEMIRGKPEERTSIWTSSSSTVFCGVSSEVPGWSWDDGAILPFDIDK,1,ARVGYSLETDRPYYFGLDV,"[[""105"", ""A""], [""106"", ""R""], [""107"", ""V""], [""108"", ""G""], [""109"", ""Y""], [""110"", ""S""], [""111"", ""L""], [""111A"", ""E""], [""111B"", ""T""], [""111C"", ""D""], [""112C"", ""R""], [""112B"", ""P""], [""112A"", ""Y""], [""112"", ""Y""], [""113"", ""F""], [""114"", ""G""], [""115"", ""L""], [""116"", ""D""], [""117"", ""V""]]",19.0
9ejf,neuraminidase,QVQLQESGPRLVKPSETLSLTCSVSGESISSGGYYWTWIRQHPGKGLEWIGNIFDTGSTDYSPSLKTRLTISIDTSKNQFYLRLNSATAADTAVYYCARVGFSLETDRPYYLGLDVWGQGTTVTVSS,HHHHHHSSSDYSDLQRVKQELLEEVKKELQKVKEEIIEAFVQELRKRGSLVPRGSGGVKLAGNSSLCPVSGWAPLSKDNSVRIGSKGDVFVIREPFISCSPLECRTFFLTQGALLNDKHSNGTIKDRSPYRTLMSVPIGSVPSPYNARFESIAWSASACHDGINWLTIGITGPDNGAVAILKYNGIITDTIKSWRNNILRTQESECACVNGSCFTVMTDGPSNGQASYKIFRIEKGKIVKSVEMNAPNYHYEECSCYPDSSEITCVCRDNWHGSNRPWVSFNQNLEYQIGYICSGIFGDNPRPNDKTGSCGPVSSNGANGVKGFSFKYGNGVWIGRTKSISSRNGFEMIWDPNGWTGTDNNFSIKQDIVGINEWSGYSGSFVMHPELTGLDCIVPCFWVELIRGRPKENTIWTSGSSISFCGVNSDTTGWSWPDGAELPFTIDK,1,ARVGFSLETDRPYYLGLDV,"[[""105"", ""A""], [""106"", ""R""], [""107"", ""V""], [""108"", ""G""], [""109"", ""F""], [""110"", ""S""], [""111"", ""L""], [""111A"", ""E""], [""111B"", ""T""], [""111C"", ""D""], [""112C"", ""R""], [""112B"", ""P""], [""112A"", ""Y""], [""112"", ""Y""], [""113"", ""L""], [""114"", ""G""], [""115"", ""L""], [""116"", ""D""], [""117"", ""V""]]",19.0
9o4n,neuraminidase,EVQLVESGAEVRKPGSSVKVSCTASGDTFSSYTITWVRQAPGQGLEWMGEIIPIFGTANYAQKFQGRVTLTADESTTTAYMDLSSLRSEDTAVYYCARGPDNHSDRYFYYGMDVWGQGTTVTVSS,MYSMQLASCVTLTLVLLVNSQHHHHHHGSAWSHPQFEKGGSSSDYSDLQRVKQELLEEVKKELQKVKEEIIEAFVQELRKRGSLVPRGSGGVKLAGNSSLCPVSGWAPLSKDNSVRIGSKGDVFVIREPFISCSPLECRTFFLTQGALLNDKHSNGTIKDRSPYRTLMSVPIGSVPSPYNARFESIAWSASACHDGINWLTIGITGPDNGAVAILKYNGIITDTIKSWRNNILRTQESECACVNGSCFTVMTDGPSNGQASYKIFRIEKGKIVKSVEMNAPNYHYEECSCYPDSSEITCVCRDNWHGSNRPWVSFNQNLEYQIGYICSGIFGDNPRPNDKTGSCGPVSSNGANGVKGFSFKYGNGVWIGRTKSISSRNGFEMIWDPNGWTGTDNNFSIKQDIVGINEWSGYSGSFVMHPELTGLDCIVPCFWVELIRGRPKENTIWTSGSSISFCGVNSDTVGWSWPDGAELPFTIDK,1,ARGPDNHSDRYFYYGMDV,"[[""105"", ""A""], [""106"", ""R""], [""107"", ""G""], [""108"", ""P""], [""109"", ""D""], [""110"", ""N""], [""111"", ""H""], [""111A"", ""S""], [""111B"", ""D""], [""112C"", ""R""], [""112B"", ""Y""], [""112A"", ""F""], [""112"", ""Y""], [""113"", ""Y""], [""114"", ""G""], [""115"", ""M""], [""116"", ""D""], [""117"", ""V""]]",18.0
9o4o,neuraminidase,EVQLVQSGSEVRKPGSTVKVSCKGSGGAFRTSVIHWVRQAPGQGLRWMGGIIPTLDTANHAQEFQGRATITADESTTTAYLELSSLRSEDSAVYYCATDYGGNSDRLGSYSFAFDVWGQGTTVTVSS,MYSMQLASCVTLTLVLLVNSQHHHHHHGSAWSHPQFEKGGSSSDYSDLQRVKQELLEEVKKELQKVKEEIIEAFVQELRKRGSLVPRGSGGVKLAGNSSLCPVSGWAPLSKDNSVRIGSKGDVFVIREPFISCSPLECRTFFLTQGALLNDKHSNGTIKDRSPYRTLMSVPIGSVPSPYNARFESIAWSASACHDGINWLTIGITGPDNGAVAILKYNGIITDTIKSWRNNILRTQESECACVNGSCFTVMTDGPSNGQASYKIFRIEKGKIVKSVEMNAPNYHYEECSCYPDSSEITCVCRDNWHGSNRPWVSFNQNLEYQIGYICSGIFGDNPRPNDKTGSCGPVSSNGANGVKGFSFKYGNGVWIGRTKSISSRNGFEMIWDPNGWTGTDNNFSIKQDIVGINEWSGYSGSFVMHPELTGLDCIVPCFWVELIRGRPKENTIWTSGSSISFCGVNSDTVGWSWPDGAELPFTIDK,1,ATDYGGNSDRLGSYSFAFDV,"[[""105"", ""A""], [""106"", ""T""], [""107"", ""D""], [""108"", ""Y""], [""109"", ""G""], [""110"", ""G""], [""111"", ""N""], [""111A"", ""S""], [""111B"", ""D""], [""111C"", ""R""], [""112D"", ""L""], [""112C"", ""G""], [""112B"", ""S""], [""112A"", ""Y""], [""112"", ""S""], [""113"", ""F""], [""114"", ""A""], [""115"", ""F""], [""116"", ""D""], [""117"", ""V""]]",20.0
9o4p,neuraminidase,QVQLVQSGAEVKKPGSSVKVSCKASGGTFSSYAISWVRQAPGQGLEWMGGIIPIFGTANYAQKFQGRVTITADESTSTAYMELSSLRSEDTAVYYCARDLAPYGDRFYFHYGMDVWGQGTTVTVSS,MYSMQLASCVTLTLVLLVNSQHHHHHHGSAWSHPQFEKGGSSSDYSDLQRVKQELLEEVKKELQKVKEEIIEAFVQELRKRGSLVPRGSGGVKLAGNSSLCPVSGWAPLSKDNSVRIGSKGDVFVIREPFISCSPLECRTFFLTQGALLNDKHSNGTIKDRSPYRTLMSVPIGSVPSPYNARFESIAWSASACHDGINWLTIGITGPDNGAVAILKYNGIITDTIKSWRNNILRTQESECACVNGSCFTVMTDGPSNGQASYKIFRIEKGKIVKSVEMNAPNYHYEECSCYPDSSEITCVCRDNWHGSNRPWVSFNQNLEYQIGYICSGIFGDNPRPNDKTGSCGPVSSNGANGVKGFSFKYGNGVWIGRTKSISSRNGFEMIWDPNGWTGTDNNFSIKQDIVGINEWSGYSGSFVMHPELTGLDCIVPCFWVELIRGRPKENTIWTSGSSISFCGVNSDTVGWSWPDGAELPFTIDK,1,ARDLAPYGDRFYFHYGMDV,"[[""105"", ""A""], [""106"", ""R""], [""107"", ""D""], [""108"", ""L""], [""109"", ""A""], [""110"", ""P""], [""111"", ""Y""], [""111A"", ""G""], [""111B"", ""D""], [""111C"", ""R""], [""112C"", ""F""], [""112B"", ""Y""], [""112A"", ""F""], [""112"", ""H""], [""113"", ""Y""], [""114"", ""G""], [""115"", ""M""], [""116"", ""D""], [""117"", ""V""]]",19.0
9o4q,neuraminidase,QVQLVQSGAEVKKPGASVKVSCKASGYTFTSYYMHWVRQAPGQGLEWMGIINPSGGSTSYAQKFQGRVTMTRDTSTSTVYMELSSLRSEDTAVYYCARNSYYYDTDRPYYNGMDVWGQGTTVTVSS,MYSMQLASCVTLTLVLLVNSQHHHHHHGSAWSHPQFEKGGSSSDYSDLQRVKQELLEEVKKELQKVKEEIIEAFVQELRKRGSLVPRGSGGVKLAGNSSLCPVSGWAPLSKDNSVRIGSKGDVFVIREPFISCSPLECRTFFLTQGALLNDKHSNGTIKDRSPYRTLMSVPIGSVPSPYNARFESIAWSASACHDGINWLTIGITGPDNGAVAILKYNGIITDTIKSWRNNILRTQESECACVNGSCFTVMTDGPSNGQASYKIFRIEKGKIVKSVEMNAPNYHYEECSCYPDSSEITCVCRDNWHGSNRPWVSFNQNLEYQIGYICSGIFGDNPRPNDKTGSCGPVSSNGANGVKGFSFKYGNGVWIGRTKSISSRNGFEMIWDPNGWTGTDNNFSIKQDIVGINEWSGYSGSFVMHPELTGLDCIVPCFWVELIRGRPKENTIWTSGSSISFCGVNSDTVGWSWPDGAELPFTIDK,1,ARNSYYYDTDRPYYNGMDV,"[[""105"", ""A""], [""106"", ""R""], [""107"", ""N""], [""108"", ""S""], [""109"", ""Y""], [""110"", ""Y""], [""111"", ""Y""], [""111A"", ""D""], [""111B"", ""T""], [""111C"", ""D""], [""112C"", ""R""], [""112B"", ""P""], [""112A"", ""Y""], [""112"", ""Y""], [""113"", ""N""], [""114"", ""G""], [""115"", ""M""], [""116"", ""D""], [""117"", ""V""]]",19.0
9mqv,neuraminidase,QVQLVQSGAEVSKPGASVKVSCKASGYSFTSQSLGWVRQAPGQGLEWMGIINPSGGITNYAHKFQGRVTMTRDTSTSTVYMELSSLRSEDTALYYCVRDLSHYNEVGHDRAYYYGMDIWGQGTTVTVSSASTKGPSVFPLAPSSKSTSGGTAALGCLVKDYFPEPVTVSWNSGALTSGVHTFPAVLQSSGLYSLSSVVTVPSSSLGTQTYICNVNHKPSNTKVDKRVEPKSCHHHHHH,GSPSRSGAEYRNWSKPQCGITGFAPFSKDNSIRLSAGGDIWVTREPYVSCDPDKCYQFALGQGTTLNNVHSNNTVRDRTPYRTLLMNELGVPFHLGTKQVCIAWSSSSCHDGKAWLHVCITGDDKNATASFIYNGRLIDSVVSWSKDILRTQESECVCINGTCTVVMTDGNATGKADTKILFIEEGKIVHTSKLSGSAQHVEECSCYPRYPGVRCVCRDNWKGSNRPIVDINIKDHSIVSSYVCSGLVGDTPRKNDSSSSSHCLNPNNEEGGHGVKGWAFDDGNDVWMGRTINETSRLGYETFKVVEGWSNPKSKLQINRQVIVDRGDRSGYSGIFSVEGKSCINRCFYVELIRGRKEETEVLWTSNSIVVFCGTSGTYGTGSWPDGADLNLMHI,1,VRDLSHYNEVGHDRAYYYGMDI,"[[""105"", ""V""], [""106"", ""R""], [""107"", ""D""], [""108"", ""L""], [""109"", ""S""], [""110"", ""H""], [""111"", ""Y""], [""111A"", ""N""], [""111B"", ""E""], [""111C"", ""V""], [""111D"", ""G""], [""112E"", ""H""], [""112D"", ""D""], [""112C"", ""R""], [""112B"", ""A""], [""112A"", ""Y""], [""112"", ""Y""], [""113"", ""Y""], [""114"", ""G""], [""115"", ""M""], [""116"", ""D""], [""117"", ""I""]]",22.0
9fm2,neuraminidase,DVQLVESGGGLVQPGGSLRLSCAASGDIFSTHIMGWYRQAPGKQRELVATIDTDGSTNYADSVKGRFTISRDNAKNTVYLQMNSLRPEDTAVYYCNAESAYSDYRLPDYWGQGTLVTVSS,MPMGSLQPLATLYLLGMLVASVLSAWSHPQFEKGSGIINETADDIVYRLTVIIDDRYESLKNLITLRADRLEMIINDNVSTILASIGSGVTLLLPEPEWTYPRLSCPGSTFQKALLISPHRFGETKGNSAPLIIREPFVACGPNECKHFALTHYAAQPGGYYNGTRGDRNKLRHLISVKLGKIPTVENSIFHMAAWSGSACHDGKEWTYIGVDGPDNNALLKVKYGEAYTDTYHSYANNILRTQESACNCIGGNCYLMITDGSASGVSECRFLKIREGRIIKEIFPTGRVKHTEECTCGFASNKTIECACRDNRYTAKRPFVKLNVETDTAEIRLMCTDTYLDTPRPNDGSITGPCESDGDKGSGGIKGGFVHQRMKSKIGRWYSRTMSKTERMGMGLYVKYGGDPWADSDALTFSGVMVSMKEPGWYSFGFEIKDKKCDVPCIGIEMVHDGGKETWHSAATAIYCLMGSGQLLWDTVTGVDMAL,1,NAESAYSDYRLPDY,"[[""105"", ""N""], [""106"", ""A""], [""107"", ""E""], [""108"", ""S""], [""109"", ""A""], [""110"", ""Y""], [""111"", ""S""], [""112A"", ""D""], [""112"", ""Y""], [""113"", ""R""], [""114"", ""L""], [""115"", ""P""], [""116"", ""D""], [""117"", ""Y""]]",14.0
8yvk,neuraminidase,EVQLVESGGGLVQPGGSLRLSCAASGFSFTTYEMNWVRQAPGKGLEWVSHISSRGLVIYYADSVKGRFTMSRDTAKNSLYLQMDSLTVADTAVYYCARHYFDRDWGYSGMDLWGQGTTVTVSS,VHYSSGRDLCPIRGWAPLSKDNGIRIGSRGEVFVIREPFISCSISECRTFFLTQGALLNDKHSNGTVKDRSPFRTLMSCPIGVAPSPSNSRFESVAWSATACSDGPGWLTLGITGPDSTAVAVLKYNGIITDTLKSWKGNIMRTQESECVCQDEFCYTLVTDGPSDAQAFYKILKIRKGKIVSMKDVDATGFHFEECSCYPSGTEIECVCRDNWRGSNRPWIRFNSDLDYQIGYVCSGIFGDNPRPVDGTGSCNGPVNNGKGRYGVKGFSFRYGDGVWIGRTKSLESRSGFEMVWDANGWVSTDKDSNGVQDIIDNDNWSGYSGSFSIRGETTGKNCTVPCFWVEMIRGQPKEKTIWTSGSSIAFCGVNSDTTGWSWPDGALLPFDIDK,1,ARHYFDRDWGYSGMDL,"[[""105"", ""A""], [""106"", ""R""], [""107"", ""H""], [""108"", ""Y""], [""109"", ""F""], [""110"", ""D""], [""111"", ""R""], [""111A"", ""D""], [""112B"", ""W""], [""112A"", ""G""], [""112"", ""Y""], [""113"", ""S""], [""114"", ""G""], [""115"", ""M""], [""116"", ""D""], [""117"", ""L""]]",16.0
8yvl,neuraminidase,EVQLVESGGGLVEPGGSLRLSCAASGLTFSTYEMNWVRQAPGKGLEWISHISSSGFAIYYADSVRGRFTISRDIAKQSLDLQMNSLRAEDTAVYYCARDYYNRDLGYSGMDVWGQGTTVTVSS,MEFGLSWIFLAAILKGVQCADPHHHHHHSSSDYSDLQRVKQELLEEVKKELQKVKEEIIEAFVQELRKRGSLVPRGSGGVKLAGNSSLCPVSGWAIYSKDNSVRIGSKGDVFVIREPFISCSPLECRTFFLTQGALLNDKHSNGTIKDRSPYRTLMSCPIGEVPSPYNSRFESVAWSASACHDGINWLTIGISGPDSGAVAVLKYNGIITDTIKSWRNNILRTQESECACVNGSCFTIMTDGPSDGQASYKIFRIEKGKIVKSVEMNAPNYHYEECSCYPDSSEITCVCRDNWHGSNRPWVSFNQNLEYQIGYICSGVFGDNPRPNDKTGSCGPVSSNGANGVKGFSFKYGNGVWIGRTKSISSRKGFEMIWDPNGWTGTDNNFSIKQDIVGINEWSGYSGSFVQHPELTGLDCIRPCFWVELIRGRPEENTIWTSGSSISFCGVNSDTVGWSWPDGAELPFTIDK,1,ARDYYNRDLGYSGMDV,"[[""105"", ""A""], [""106"", ""R""], [""107"", ""D""], [""108"", ""Y""], [""109"", ""Y""], [""110"", ""N""], [""111"", ""R""], [""111A"", ""D""], [""112B"", ""L""], [""112A"", ""G""], [""112"", ""Y""], [""113"", ""S""], [""114"", ""G""], [""115"", ""M""], [""116"", ""D""], [""117"", ""V""]]",16.0
8yvm,neuraminidase,EVQLVESGGGLVEPGGSLRLSCAASGLTFSTYEMNWVRQAPGKGLEWISHISSSGFAIYYADSVRGRFTISRDIAKQSLDLQMNSLRAEDTAVYYCARDYYNRDLGYSGMDVWGQGTTVTVSS,EYRNWSKPQCGITGFAPFSKDNSIRLSAGGDIWVTREPYVSCDPDKCYQFALGQGTTLNNVHSNNTVRDRTPYRTLLMNELGVPFHLGTKQVCIAWSSSSCHDGKAWLHVCITGDDKNATASFIYNGRLVDSVVSWSKDILRTQESECVCINGTCTVVMTDGSASGKADTKILFIEEGKIVHTSTLSGSAQHVEECSCYPRYPGVRCVCRDNWKGSNRPIVDINIKDHSIVSSYVCSGLVGDTPRKNDSSSSSHCLDPNNEEGGHGVKGWAFDDGNDVWMGRTINETSRLGYETFKVIEGWSNPKSKLQTNRQVIVDRGDRSGYSGIFSVEGKSCINRCFYVELIRGRKEETEVLWTSNSIVVFCGTSGTYGTGSWPDGADLNLMPI,1,ARDYYNRDLGYSGMDV,"[[""105"", ""A""], [""106"", ""R""], [""107"", ""D""], [""108"", ""Y""], [""109"", ""Y""], [""110"", ""N""], [""111"", ""R""], [""111A"", ""D""], [""112B"", ""L""], [""112A"", ""G""], [""112"", ""Y""], [""113"", ""S""], [""114"", ""G""], [""115"", ""M""], [""116"", ""D""], [""117"", ""V""]]",16.0
8yvn,neuraminidase,EVQLVESGGGLVQPGGSLRLSCAASGFSFTTYEMNWVRQAPGKGLEWVSHISSRGLVIYYADSVKGRFTMSRDTAKNSLYLQMDSLTVADTAVYYCARHYFDRDWGYSGMDLWGQGTTVTVSS,EYRNWSKPQCGITGFAPFSKDNSIRLSAGGDIWVTREPYVSCDPDKCYQFALGQGTTLNNVHSNNTVRDRTPYRTLLMNELGVPFHLGTKQVCIAWSSSSCHDGKAWLHVCITGDDKNATASFIYNGRLVDSVVSWSKDILRTQESECVCINGTCTVVMTDGSASGKADTKILFIEEGKIVHTSTLSGSAQHVEECSCYPRYPGVRCVCRDNWKGSNRPIVDINIKDHSIVSSYVCSGLVGDTPRKNDSSSSSHCLDPNNEEGGHGVKGWAFDDGNDVWMGRTINETSRLGYETFKVIEGWSNPKSKLQTNRQVIVDRGDRSGYSGIFSVEGKSCINRCFYVELIRGRKEETEVLWTSNSIVVFCGTSGTYGTGSWPDGADLNLMPI,1,ARHYFDRDWGYSGMDL,"[[""105"", ""A""], [""106"", ""R""], [""107"", ""H""], [""108"", ""Y""], [""109"", ""F""], [""110"", ""D""], [""111"", ""R""], [""111A"", ""D""], [""112B"", ""W""], [""112A"", ""G""], [""112"", ""Y""], [""113"", ""S""], [""114"", ""G""], [""115"", ""M""], [""116"", ""D""], [""117"", ""L""]]",16.0
8zyx,neuraminidase,EVQLVESGGGLVQPGGSLRLSCAASGFSFTTYEMNWVRQAPGKGLEWVSHISSSGLVIYYADSVKGRFTMSRDTAKNSLYLQMDSLTVADTAVYYCARHYFDRDWGYSGMDLWGQGTTVTVSS,EYRNWSKPQCGITGFAPFSKDNSIRLSAGGDIWVTREPYVSCDPDKCYQFALGQGTTLNNVHSNNTVRDRTPYRTLLMNELGVPFHLGTKQVCIAWSSSSCHDGKAWLHVCITGDDKNATASFIYNGRLVDSVVSWSKDILRTQESECVCINGTCTVVMTDGSASGKADTKILFIEEGKIVHTSTLSGSAQHVEECSCYPRYPGVRCVCRDNWKGSNRPIVDINIKDHSIVSSYVCSGLVGDTPRKNDSSSSSHCLDPNNEEGGHGVKGWAFDDGNDVWMGRTINETSRLGYETFKVIEGWSNPKSKLQTNRQVIVDRGDRSGYSGIFSVEGKSCINRCFYVELIRGRKEETEVLWTSNSIVVFCGTSGTYGTGSWPDGADLNLMPI,1,ARHYFDRDWGYSGMDL,"[[""105"", ""A""], [""106"", ""R""], [""107"", ""H""], [""108"", ""Y""], [""109"", ""F""], [""110"", ""D""], [""111"", ""R""], [""111A"", ""D""], [""112B"", ""W""], [""112A"", ""G""], [""112"", ""Y""], [""113"", ""S""], [""114"", ""G""], [""115"", ""M""], [""116"", ""D""], [""117"", ""L""]]",16.0
9kod,neuraminidase,EVQLVESGGGLVQPGGSLRLSCAASGFSFTTYEMNWVRQAPGKGLEWVSHISSRGLVIYYADSVKGRFTMSRDTAKNSLYLQMDSLTVADTAVYYCARHYFDRDWGYSGMDLWGQGTTVTVSS,VTLAGNSSLCPISGWAIYSKDNGIRIGSKGDVFVIREPFISCSHLECRTFFLTQGALLNDKHSNGTVKDRSPYRTLMSCPVGEAPSPYNSRFESVAWSASACHDGISWLTIGISGPDNGAVAVLKYNGIITDTIKSWRNNILRTQESECACVNGSCFTVMTDGPSNGQASYKIFKIEKGKVVKSVEMNAPNYHYEECSCYPDAGDIMCVCRDNWHGSNRPWVSFNQNLEYQIGYICSGIFGDNPRPNDGTGSCSPMPSNGAYGVKGFSFKYGNGVWIGRTKSTSSRSGFEMIWDPNGWTETDSSFSVKQDIVEITDWSGYSGSFVQHPELTGLDCMRPCFWVELIRGRPKENTIWTSGSSISFCGVNSDTVGWSWPDGAELPFTIDK,1,ARHYFDRDWGYSGMDL,"[[""105"", ""A""], [""106"", ""R""], [""107"", ""H""], [""108"", ""Y""], [""109"", ""F""], [""110"", ""D""], [""111"", ""R""], [""111A"", ""D""], [""112B"", ""W""], [""112A"", ""G""], [""112"", ""Y""], [""113"", ""S""], [""114"", ""G""], [""115"", ""M""], [""116"", ""D""], [""117"", ""L""]]",16.0
9dpc,neuraminidase,QVQLVQSGAEVKKPGSSVKVSCKASGDTFSSYAISWVRQAPGQGLEWMGGIIPFLGTTNYAQKFQGRVTITTDESSTTADMELSSLRSEDTAVYYCATSYSGYDRIQYYYSGMDVWGQGTTVTVSS,MNPNQKIITIGSICMTIGTANLILQIGNIISIWVSHSIQIGNQSQIETCDKSVITYENNTWVNQTFVNISNTNSAARQSVASVKLAGNSSLCPVSGWAIYSKDNSVRIGSKGDVFVIREPFISCSPLECRTFFLTQGALLNDKHSNGTIKDRSPYRTLMSCPIGEVPSPYNSRFESVAWSASACHDGTNWLTIGISGPDSGAVAVLKYNGIITDTIKSWRNKILRTQESECACVNGSCFTIMTDGPSDGQASYKIFRIEKGKIIKSVEMKAPNYHYEECSCYPDSSEITCVCRDNWHGSNRPWVSFNQNLEYQMGYICSGVFGDNPRPNDKTGSCGPVSSNGANGVKGFSFKYGNGVWIGRTKSISSRKGFEMIWDPNGWTETDNKFSKKQDIVGINEWSGYSGSFVQHPELTGLNCIRPCFWVELIRGRPEENTIWTSGSSISFCGVDSDIMGWSWPDGAELPFTIDN,1,ATSYSGYDRIQYYYSGMDV,"[[""105"", ""A""], [""106"", ""T""], [""107"", ""S""], [""108"", ""Y""], [""109"", ""S""], [""110"", ""G""], [""111"", ""Y""], [""111A"", ""D""], [""111B"", ""R""], [""111C"", ""I""], [""112C"", ""Q""], [""112B"", ""Y""], [""112A"", ""Y""], [""112"", ""Y""], [""113"", ""S""], [""114"", ""G""], [""115"", ""M""], [""116"", ""D""], [""117"", ""V""]]",19.0
8z4e,neuraminidase,QVQLVQSGAEVKKPGSSVKVSCKASGGTFSSYAISWVRQAPGQGLEWMGGIIPIFGTANYAQKFQGRVTITADESTSTAYMELSSLRSEDTAVYYCARGQLRYFDWPTIPSSYYGMDVWGQGTTVTVSSASTKGPSVFPLAPSSKSTSGGTAALGCLVKDYFPEPVTVSWNSGALTSGVHTFPAVLQSSGLYSLSSVVTVPSSSLGTQTYICNVNHKPSNTKVDKRVEPKSCDKTH,RTFLNLTKPLCEVNSWHILSKDNAIRIGEDAHILVTREPYLSCDPQGCRMFALSQGTTLRGRHANGTIHDKSPFRALISWEMGQAPSPYNTRVECIGWSSTSCHDGISRMSICISGPNNNASAVVWYRGRPVTEIPSWVGNILRTQESECVCHKGICPVVMTDGPANNKAATKIIYFKEGKIQKIEELQGNAQHIEECSCYGAAGMIKCVCRDNWKGANRPIITIDPEMMTHTSKYLCSKILTDTSRPNDPTNGNCDEPITGGSPDPGVKGFAFLDGENSWLGRTISKDSRSGYEMLKVPNAETDTQSGPTSYQLIVNNQNWSGYSGAFIDYWANKECFNPCFYVELIRGRPKEIDVLWASNSMVALCGSRERLGSWSW,1,ARGQLRYFDWPTIPSSYYGMDV,"[[""105"", ""A""], [""106"", ""R""], [""107"", ""G""], [""108"", ""Q""], [""109"", ""L""], [""110"", ""R""], [""111"", ""Y""], [""111A"", ""F""], [""111B"", ""D""], [""111C"", ""W""], [""111D"", ""P""], [""112E"", ""T""], [""112D"", ""I""], [""112C"", ""P""], [""112B"", ""S""], [""112A"", ""S""], [""112"", ""Y""], [""113"", ""Y""], [""114"", ""G""], [""115"", ""M""], [""116"", ""D""], [""117"", ""V""]]",22.0
8z4e,neuraminidase,EVQLVESGGRALRPGGSLRLSCAASGFKFDDYAMSWVRQVPGKGLEFVSGLNWNGDITAYTDSVKGRFTVSRDNAKNSLYLHINSPKPEDTALYYCARTSSWGDYTRGPEPKITWYFDLWGRGTLVTVSSASTKGPSVFPLAPSSKSTSGGTAALGCLVKDYFPEPVTVSWNSGALTSGVHTFPAVLQSSGLYSLSSVVTVPSSSLGTQTYICNVNHKPSNTKVDKRVEPKS,RTFLNLTKPLCEVNSWHILSKDNAIRIGEDAHILVTREPYLSCDPQGCRMFALSQGTTLRGRHANGTIHDKSPFRALISWEMGQAPSPYNTRVECIGWSSTSCHDGISRMSICISGPNNNASAVVWYRGRPVTEIPSWVGNILRTQESECVCHKGICPVVMTDGPANNKAATKIIYFKEGKIQKIEELQGNAQHIEECSCYGAAGMIKCVCRDNWKGANRPIITIDPEMMTHTSKYLCSKILTDTSRPNDPTNGNCDEPITGGSPDPGVKGFAFLDGENSWLGRTISKDSRSGYEMLKVPNAETDTQSGPTSYQLIVNNQNWSGYSGAFIDYWANKECFNPCFYVELIRGRPKEIDVLWASNSMVALCGSRERLGSWSW,1,ARTSSWGDYTRGPEPKITWYFDL,"[[""105"", ""A""], [""106"", ""R""], [""107"", ""T""], [""108"", ""S""], [""109"", ""S""], [""110"", ""W""], [""111"", ""G""], [""111A"", ""D""], [""111B"", ""Y""], [""111C"", ""T""], [""111D"", ""R""], [""111E"", ""G""], [""112E"", ""P""], [""112D"", ""E""], [""112C"", ""P""], [""112B"", ""K""], [""112A"", ""I""], [""112"", ""T""], [""113"", ""W""], [""114"", ""Y""], [""115"", ""F""], [""116"", ""D""], [""117"", ""L""]]",23.0
8zr4,neuraminidase,QGRLQESGGGVVQPRRSLTLSCAASGFTLETYTMHWVRQTPGKGLEWVAVSSKDGNNVYYRDSVKGRFTVSRDNSKNTLFLQMNHLRAEDTALYYCARGSDPDYDKGWGAYRNTDRPSYDGLDVWGQGTTVTVSS,ICPKPAEYRNWSKPQCGITGFAPFSKDNSIRLSAGGDIWVTREPYVSCDPDKCYQFALGQGTTINNVHSNNTARDRTPHRTLLMNELGVPFHLGTKQVCIAWSSSSCHDGKAWLHVCITGDDKNATASFIYNGRLVDSVVSWSKDILRTQESECVCINGTCTVVMTDGNATGKADTKILFIEEGKIVHTSKLSGSAQHVEECSCYPRYPGVRCVCRDNWKGSNRPIVDINIKDHSIVSSYVCSGLVGDTPRKTDSSSSSHCLNPNNEKGGHGVKGWAFDDGNDVWMGRTINETSRLGYETFKVVEGWSNPKSKLQINRQVIVDRGDRSGYSGIFSVEGKSCINRCFYVELIRGRKEETEVLWTSNSIVVFCGTSGTYGTGSWPDGADLNLMHI,1,ARGSDPDYDKGWGAYRNTDRPSYDGLDV,"[[""105"", ""A""], [""106"", ""R""], [""107"", ""G""], [""108"", ""S""], [""109"", ""D""], [""110"", ""P""], [""111"", ""D""], [""111A"", ""Y""], [""111B"", ""D""], [""111C"", ""K""], [""111D"", ""G""], [""111E"", ""W""], [""111F"", ""G""], [""111G"", ""A""], [""112H"", ""Y""], [""112G"", ""R""], [""112F"", ""N""], [""112E"", ""T""], [""112D"", ""D""], [""112C"", ""R""], [""112B"", ""P""], [""112A"", ""S""], [""112"", ""Y""], [""113"", ""D""], [""114"", ""G""], [""115"", ""L""], [""116"", ""D""], [""117"", ""V""]]",28.0
8u1c,neuraminidase,GLQLVQSGAELKKPGESLKISCQGSGYTFPIYWIGWVRQIPGKGLEWMGIIYPGDSDTRYSPSFEGQVTISADKSVTTAYLQWSSLKASDTAMYYCARHSEPWYPDHRFWPPYPFDIWGQGTMVTVSS,MLPSTIQTLTLFLTSGGVLLSLYVSASLSYLLYSDILLKFSPTEITAPTMPLDCANASNVQAVNRSATKGVTLLLPGPEWTYPRLSCPGSTFQKALLISPHRFGETKGNSAPLIIREPFVACGPNECKHFALTHYAAQPGGYYNGTRGDRNKLRHLISVKLGKIPTVENSIFHMAAWSGSACHDGKEWTYIGVDGPDNNALLKVKYGEAYTDTYHSYANNILRTQESACNCIGGNCYLMITDGSASGVSECRFLKIREGRIIKEIFPTGRVKHTEECTCGFASNKTIECACRDNRYTAKRPFVKLNVETDTAEIRLMCTDTYLDTPRPNDGSITGPCESDGDKGSGGIKGGFVHQRMKSKIGRWYSRTMSKTERMGMGLYVKYGGDPWADSDALAFSGVMVPMKEPGWYSFGFEIKDKKCDVPCIGIEMVHDGGKETWHSAATAIYCLMGSGQLLWDTVTGVDMAL,1,ARHSEPWYPDHRFWPPYPFDI,"[[""105"", ""A""], [""106"", ""R""], [""107"", ""H""], [""108"", ""S""], [""109"", ""E""], [""110"", ""P""], [""111"", ""W""], [""111A"", ""Y""], [""111B"", ""P""], [""111C"", ""D""], [""111D"", ""H""], [""112D"", ""R""], [""112C"", ""F""], [""112B"", ""W""], [""112A"", ""P""], [""112"", ""P""], [""113"", ""Y""], [""114"", ""P""], [""115"", ""F""], [""116"", ""D""], [""117"", ""I""]]",21.0
8u1q,neuraminidase,QVQLQESGPGLVKPSETLSLTCTVSGDSISGSSYYWGWIRQPPGKGLEWIGSIYYSGITYYNPSLKSRVTIYVDTSKNQFSLKLNSATAADTAVYYCARLYTKSSNANYWGQGTLVTVSS,MLPSTIQTLTLFLTSGGVLLSLYVSASLSYLLYSDILLKFSPTEITAPTMPLDCANASNVQAVNRSATKGVTLLLPGPEWTYPRLSCPGSTFQKALLISPHRFGETKGNSAPLIIREPFVACGPNECKHFALTHYAAQPGGYYNGTRGDRNKLRHLISVKLGKIPTVENSIFHMAAWSGSACHDGKEWTYIGVDGPDNNALLKVKYGEAYTDTYHSYANNILRTQESACNCIGGNCYLMITDGSASGVSECRFLKIREGRIIKEIFPTGRVKHTEECTCGFASNKTIECACRDNRYTAKRPFVKLNVETDTAEIRLMCTDTYLDTPRPNDGSITGPCESDGDKGSGGIKGGFVHQRMKSKIGRWYSRTMSKTERMGMGLYVKYGGDPWADSDALAFSGVMVPMKEPGWYSFGFEIKDKKCDVPCIGIEMVHDGGKETWHSAATAIYCLMGSGQLLWDTVTGVDMAL,1,ARLYTKSSNANY,"[[""105"", ""A""], [""106"", ""R""], [""107"", ""L""], [""108"", ""Y""], [""109"", ""T""], [""110"", ""K""], [""112"", ""S""], [""113"", ""S""], [""114"", ""N""], [""115"", ""A""], [""116"", ""N""], [""117"", ""Y""]]",12.0
8u1s,neuraminidase,QVQLQEAGPGLVKPSETLSLTCTVSGGSVSDTSYFWGWIRQPPGKGLEWIGSVSYTGDNYYNPSLRSRVAISLDAPKNRFSLKLRSVTAADTAVYYCARRPTHFDFWKTFDYWGQGSLVTVSS,MLPSTIQTLTLFLTSGGVLLSLYVSASLSYLLYSDILLKFSPTEITAPTMPLDCANASNVQAVNRSATKGVTLLLPGPEWTYPRLSCPGSTFQKALLISPHRFGETKGNSAPLIIREPFVACGPNECKHFALTHYAAQPGGYYNGTRGDRNKLRHLISVKLGKIPTVENSIFHMAAWSGSACHDGKEWTYIGVDGPDNNALLKVKYGEAYTDTYHSYANNILRTQESACNCIGGNCYLMITDGSASGVSECRFLKIREGRIIKEIFPTGRVKHTEECTCGFASNKTIECACRDNRYTAKRPFVKLNVETDTAEIRLMCTDTYLDTPRPNDGSITGPCESDGDKGSGGIKGGFVHQRMKSKIGRWYSRTMSKTERMGMGLYVKYGGDPWADSDALAFSGVMVPMKEPGWYSFGFEIKDKKCDVPCIGIEMVHDGGKETWHSAATAIYCLMGSGQLLWDTVTGVDMAL,1,ARRPTHFDFWKTFDY,"[[""105"", ""A""], [""106"", ""R""], [""107"", ""R""], [""108"", ""P""], [""109"", ""T""], [""110"", ""H""], [""111"", ""F""], [""111A"", ""D""], [""112A"", ""F""], [""112"", ""W""], [""113"", ""K""], [""114"", ""T""], [""115"", ""F""], [""116"", ""D""], [""117"", ""Y""]]",15.0
8gat,neuraminidase,DEVQLVESGGRALRPGGSLRLSCAASGFKFDDYAMSWVRQVPGKGLEFVSGLNWNGDITAYTDSVKGRFTVSRDNAKNSLYLHINSPKPEDTALYYCARTSSWGDYTRGPEPKITWYFDLWGRGTLVTVSSASTKGPSVFPLAPSSKSTSGGTAALGCLVKDYFPEPVTVSWNSGALTSGVHTFPAVLQSSGLYSLSSVVTVPSSSLGTQTYICNVNHKPSNTKVDKRVEPKSCHHHHHH,MEFGLSWIFLAAILKGVQCADPHHHHHHSSSDYSDLQRVKQELLEEVKKELQKVKEEIIEAFVQELRKRGSLVPRGSGGEYRNWSKPQCNITGFAPFSKDNSIRLSAGGDIWVTREPYVSCDPDKCYQFALGQGTTLNNGHSNNTVHDRTPYRTLLMNELGVPFHLGTRQVCMAWSSSSCHDGKAWLHVCITGNDNNATASFIYNGRLVDSIGSWSKNILRTQESECVCINGTCTVVMTDGSASGKADTKILFVEEGKIVHISTLSGSAQHVEECSCYPRFPGVRCVCRDNWKGSNRPIVDINVKNYSIVSSYVCSGLVGDTPRKSDSVSSSYCLDPNNEKGGHGVKGWAFDDGNDVWMGRTINETLRLGYETFKVIEGWSKANSKLQTNRQVIVEKGDRSGYSGIFSVEGKSCINRCFYVELIRGRKEETKVWWTSNSIVVFCGTSGTYGTGSWPDGADINLMPI,1,ARTSSWGDYTRGPEPKITWYFDL,"[[""105"", ""A""], [""106"", ""R""], [""107"", ""T""], [""108"", ""S""], [""109"", ""S""], [""110"", ""W""], [""111"", ""G""], [""111A"", ""D""], [""111B"", ""Y""], [""111C"", ""T""], [""111D"", ""R""], [""111E"", ""G""], [""112E"", ""P""], [""112D"", ""E""], [""112C"", ""P""], [""112B"", ""K""], [""112A"", ""I""], [""112"", ""T""], [""113"", ""W""], [""114"", ""Y""], [""115"", ""F""], [""116"", ""D""], [""117"", ""L""]]",23.0
8gau,neuraminidase,QVQLRQWGAGLLKPSETLSLTCDVYGGSFNFYFWTWIRQPPGKGLEWLGEITHSGSATYIPSLKSRVTLSVDTSKGQFSLKLTSVNVADTAVYYCAGLPIDYDTVHLGYYPMDVWGQGTPVTVSSASTKGPSVFPLAPSSKSTSGGTAALGCLVKDYFPEPVTVSWNSGALTSGVHTFPAVLQSSGLYSLSSVVTVPSSSLGTQTYICNVNHKPSNTKVDKKVEPKSCDK,MEFGLSWIFLAAILKGVQCADPHHHHHHSSSDYSDLQRVKQELLEEVKKELQKVKEEIIEAFVQELRKRGSLVPRGSGGEYRNWSKPQCNITGFAPFSKDNSIRLSAGGDIWVTREPYVSCDPDKCYQFALGQGTTLNNGHSNNTVHDRTPYRTLLMNELGVPFHLGTRQVCMAWSSSSCHDGKAWLHVCITGNDNNATASFIYNGRLVDSIGSWSKNILRTQESECVCINGTCTVVMTDGSASGKADTKILFVEEGKIVHISTLSGSAQHVEECSCYPRFPGVRCVCRDNWKGSNRPIVDINVKNYSIVSSYVCSGLVGDTPRKSDSVSSSYCLDPNNEKGGHGVKGWAFDDGNDVWMGRTINETLRLGYETFKVIEGWSKANSKLQTNRQVIVEKGDRSGYSGIFSVEGKSCINRCFYVELIRGRKEETKVWWTSNSIVVFCGTSGTYGTGSWPDGADINLMPI,1,AGLPIDYDTVHLGYYPMDV,"[[""105"", ""A""], [""106"", ""G""], [""107"", ""L""], [""108"", ""P""], [""109"", ""I""], [""110"", ""D""], [""111"", ""Y""], [""111A"", ""D""], [""111B"", ""T""], [""111C"", ""V""], [""112C"", ""H""], [""112B"", ""L""], [""112A"", ""G""], [""112"", ""Y""], [""113"", ""Y""], [""114"", ""P""], [""115"", ""M""], [""116"", ""D""], [""117"", ""V""]]",19.0
8gav,neuraminidase,EVQLVESGGGLVKPGGSLRLSCAASGFTFSDYSMTWIRQIPGKGLEWLSYTTSSGRPIFYADSVKGRFTMSRDNAKMSVYLQMNSLRDADSAVYYCARGDPHYIWGTYLDSWGPGTLVTVSSASTKGPSVFPLAPSSKSTSGGTAALGCLVKDYFPEPVTVSWNSGALTSGVHTFPAVLQSSGLYSLSSVVTVPSSSLGTQTYICNVNHKPSNTKVDKKVEPKSCDK,MEFGLSWIFLAAILKGVQCADPHHHHHHHHSSSDRFDVDKLKQEIMTEIRREVSKMKQDIIEAIKVELNRGSLVPRGSGGEYRNWSKPQCGITGFAPFSKDNSIRLSAGGDIWVTREPYVSCDLDKCYQFALGQGTTLNNVHSNNTVSDRTPYRTLLMNELGVPFHLGTKQVCIAWSSSSCHDGKAWLHVCITGDDKNATASFIYNGRLVDSVVSWSNDILRTQESECVCINGTCTVVMTDGNATGKADTKILFIEEGKIVHTSKLSGSAQHVEECSCYPRYPGVRCVCRDNWKGSNRPIIDINIKDHSIVSRYVCSGLVGDTPRKSDSSSSSHCLNPNNEKGDHGVKGWAFDDGNDVWMGRTINETSRLGYETFKVVEGWSNPKSKLQINRQVIVDRGDRSGYSGIFSVEGKSCINRCFYVELIRGRKEETEVLWTSNSIVVFCGTSGTYGTGSWPDGANLSLMHI,1,ARGDPHYIWGTYLDS,"[[""105"", ""A""], [""106"", ""R""], [""107"", ""G""], [""108"", ""D""], [""109"", ""P""], [""110"", ""H""], [""111"", ""Y""], [""111A"", ""I""], [""112A"", ""W""], [""112"", ""G""], [""113"", ""T""], [""114"", ""Y""], [""115"", ""L""], [""116"", ""D""], [""117"", ""S""]]",15.0
8ez3,neuraminidase,QVQLQESGPGLVRPSQTLSLTCTVSGASISDVDFYWTWFRQTPGKGLEWIGYTNSIGNAFYNPSLQSRLTISIDTSDNHFSLRLKSVTAADTAVYYCARSNSNTWSREYFQHWGQGTLVTVSS,AEYRNWSKPQCNITGFAPFSKDNSIRLSAGGDIWVTREPYVSCDPDKCYQFALGQGTTLNNGHSNDTVHDRTPYRTLLMNELGVPFHLGTKQVCIAWSSSSCHDGKAWLHVCVTGDDENATASFIYNGRLVDSIGSWSKKILRTQESECVCINGTCTVVMTDGSASGKADTKILFIEEGKIVHTSPLSGSAQHVEECSCYPRYPGVRCVCRDNWKGSNRPIVDINVKDYSIVSSYVCSGLVGDTPRKNDSSSSSHCLDPNNEEGGHGVKGWAFDDGNDVWMGRTISEKLRSGYETFKVIEGWSKPNSKLQINRQVIVDRGNRSGYSGIFSVEGKSCINRCFYVELIRGRKQETEVLWTSNSIVVFCGTSGTYGTGSWPDGADINLMPI,1,ARSNSNTWSREYFQH,"[[""105"", ""A""], [""106"", ""R""], [""107"", ""S""], [""108"", ""N""], [""109"", ""S""], [""110"", ""N""], [""111"", ""T""], [""111A"", ""W""], [""112A"", ""S""], [""112"", ""R""], [""113"", ""E""], [""114"", ""Y""], [""115"", ""F""], [""116"", ""Q""], [""117"", ""H""]]",15.0
8ez7,neuraminidase,EVQLVESGGGLVLPGRSLRLSCVASGFDFSSFEMNWVRQAPGTGLEWLSYISGNGDTIYYAESVKGRFTISRDNAKNSLYLQMNGLRAEDTATYYCARQRSVYSTSRSNWSVFLDDWGQGTLVTVS,AEYRNWSKPQCNITGFAPFSKDNSIRLSAGGDIWVTREPYVSCDPDKCYQFALGQGTTLNNGHSNDTVHDRTPYRTLLMNELGVPFHLGTKQVCIAWSSSSCHDGKAWLHVCVTGDDENATASFIYNGRLVDSIGSWSKKILRTQESECVCINGTCTVVMTDGSASGKADTKILFIEEGKIVHTSPLSGSAQHVEECSCYPRYPGVRCVCRDNWKGSNRPIVDINVKDYSIVSSYVCSGLVGDTPRKNDSSSSSHCLDPNNEEGGHGVKGWAFDDGNDVWMGRTISEKLRSGYETFKVIEGWSKPNSKLQINRQVIVDRGNRSGYSGIFSVEGKSCINRCFYVELIRGRKQETEVLWTSNSIVVFCGTSGTYGTGSWPDGADINLMPI,1,ARQRSVYSTSRSNWSVFLDD,"[[""105"", ""A""], [""106"", ""R""], [""107"", ""Q""], [""108"", ""R""], [""109"", ""S""], [""110"", ""V""], [""111"", ""Y""], [""111A"", ""S""], [""111B"", ""T""], [""111C"", ""S""], [""112D"", ""R""], [""112C"", ""S""], [""112B"", ""N""], [""112A"", ""W""], [""112"", ""S""], [""113"", ""V""], [""114"", ""F""], [""115"", ""L""], [""116"", ""D""], [""117"", ""D""]]",20.0
8ez8,neuraminidase,QVQLQESGPGLVKPSETLSLTCAISGDSIRNSYWNWIRQPPGRGLEWIGYISNSGSTNYNPSLKGRVSMSLDTSKNQFSLRLNSVTAADTAVYYCSRDKGGLRWGSRGSDVFDIWGQGTMVTVSS,AEYRNWSKPQCNITGFAPFSKDNSIRLSAGGDIWVTREPYVSCDPDKCYQFALGQGTTLNNGHSNDTVHDRTPYRTLLMNELGVPFHLGTKQVCIAWSSSSCHDGKAWLHVCVTGDDENATASFIYNGRLVDSIGSWSKKILRTQESECVCINGTCTVVMTDGSASGKADTKILFIEEGKIVHTSPLSGSAQHVEECSCYPRYPGVRCVCRDNWKGSNRPIVDINVKDYSIVSSYVCSGLVGDTPRKNDSSSSSHCLDPNNEEGGHGVKGWAFDDGNDVWMGRTISEKLRSGYETFKVIEGWSKPNSKLQINRQVIVDRGNRSGYSGIFSVEGKSCINRCFYVELIRGRKQETEVLWTSNSIVVFCGTSGTYGTGSWPDGADINLMPI,1,SRDKGGLRWGSRGSDVFDI,"[[""105"", ""S""], [""106"", ""R""], [""107"", ""D""], [""108"", ""K""], [""109"", ""G""], [""110"", ""G""], [""111"", ""L""], [""111A"", ""R""], [""111B"", ""W""], [""111C"", ""G""], [""112C"", ""S""], [""112B"", ""R""], [""112A"", ""G""], [""112"", ""S""], [""113"", ""D""], [""114"", ""V""], [""115"", ""F""], [""116"", ""D""], [""117"", ""I""]]",19.0
8e6j,neuraminidase,QVQLQESGPGLVKPSETLSLTCTVSGDSISSSYYYWGWIRQSPVKGLEWIGSFFYSGNTNYNPSLKSRVTISVDTSKNQFSLNLRSVTAADTAVYYCARHVTSISSWNRGVYLDSWGRGALVTVSSASTKGPSVFPLAPSSKSTSGGTAALGCLVKDYFPEPVTVSWNSGALTSGVHTFPAVLQSSGLYSLSSVVTVPSSSLGTQTYICNVNHKPSNTKVDKRVEPKSC,ADPHHHHHHSSSDYSDLQRVKQELLEEVKKELQKVKEEIIEAFVQELRKRGSLVPRGSPSRSVILTGNSSLCPISGWAIYSKDNGIRIGSKGDVFVIREPFISCSHLECRTFFLTQGALLNDKHSNGTVKDRSPYRTLMSCPVGEAPSPYNSRFESVAWSASACHDGMGWLTIGISGPDNGAVAVLKYNGIITDTIKSWRNNILRTQESECACVNGSCFTIMTDGPSNGQASYKILKIEKGKVTKSIELNAPNYHYEECSCYPDTGKVMCVCRDNWHGSNRPWVSFDQNLDYQIGYICSGVFGDNPRPNDGTGSCGPVSSNGANGIKGFSFRYDNGVWIGRTKSTSSRSGFEMIWDPNGWTETDSSFSVRQDIVAITDWSGYSGSFVQHPELTGLDCMRPCFWVELIRGQPKENTIWTSGSSISFCGVNSDTVGWSWPDGAELPFSIDK,1,ARHVTSISSWNRGVYLDS,"[[""105"", ""A""], [""106"", ""R""], [""107"", ""H""], [""108"", ""V""], [""109"", ""T""], [""110"", ""S""], [""111"", ""I""], [""111A"", ""S""], [""111B"", ""S""], [""112C"", ""W""], [""112B"", ""N""], [""112A"", ""R""], [""112"", ""G""], [""113"", ""V""], [""114"", ""Y""], [""115"", ""L""], [""116"", ""D""], [""117"", ""S""]]",18.0
8e6k,neuraminidase,QVQLQESGPGLVKPSETLSLTCTVSGDSVSSTNYYWGWIRQPPGKGLEWIGSIYYRGITYNSPSLMNRVTISLDTAKNQFSLNLSSMTAADTAVYFCANSIAVSGPLYFHHWGQGTLVTVSSASTKGPSVFPLAPSSKSTSGGTAALGCLVKDYFPEPVTVSWNSGALTSGVHTFPAVLQSSGLYSLSSVVTVPSSSLGTQTYICNVNHKPSNTKVDKRVEPKSC,ADPHHHHHHSSSDYSDLQRVKQELLEEVKKELQKVKEEIIEAFVQELRKRGSLVPRGSPSRSVILTGNSSLCPISGWAIYSKDNGIRIGSKGDVFVIREPFISCSHLECRTFFLTQGALLNDKHSNGTVKDRSPYRTLMSCPVGEAPSPYNSRFESVAWSASACHDGMGWLTIGISGPDNGAVAVLKYNGIITDTIKSWRNNILRTQESECACVNGSCFTIMTDGPSNGQASYKILKIEKGKVTKSIELNAPNYHYEECSCYPDTGKVMCVCRDNWHGSNRPWVSFDQNLDYQIGYICSGVFGDNPRPNDGTGSCGPVSSNGANGIKGFSFRYDNGVWIGRTKSTSSRSGFEMIWDPNGWTETDSSFSVRQDIVAITDWSGYSGSFVQHPELTGLDCMRPCFWVELIRGQPKENTIWTSGSSISFCGVNSDTVGWSWPDGAELPFSIDK,1,ANSIAVSGPLYFHH,"[[""105"", ""A""], [""106"", ""N""], [""107"", ""S""], [""108"", ""I""], [""109"", ""A""], [""110"", ""V""], [""111"", ""S""], [""112A"", ""G""], [""112"", ""P""], [""113"", ""L""], [""114"", ""Y""], [""115"", ""F""], [""116"", ""H""], [""117"", ""H""]]",14.0
8g30,neuraminidase,QVQLVQSGAEVKRPGSSVRVSCKASEGTFNKYTLTWVRQAPGQGLEWMGGIIPISGIANYAQKFQGRVAITADESTTTAYMELSSLRSEDSAVYYCATAVSDYFNRDLGWEDYYFPFWGQGTLVTVASASTKGPSVFPLAPSSKSTSGGTAALGCLVKDYFPEPVTVSWNSGALTSGVHTFPAVLQSSGLYSLSSVVTVPSSSLGTQTYICNVNHKPSNTKVDKRVEPKSC,METDTLLLWVLLLWVPGSTGDHHHHHHGSGLNDIFEAQKIEWHEGSIINETADDIVYRLTVIIDDRYESLKNLITLRADRLEMIINDNVSTILASGENLYFQGSAEYRNWSKPQCDITGFAPFSKDNSIRLSAGGDIWVTREPYVSCDPDKCYQFALGQGTTLNNVHSNNTVRDRTPYRTLLMNELGVPFHLGTKQVCIAWSSSSCHDGKAWLHVCITGDDKNATASFIYNGRLVDSVVSWSKEILRTQESECVCINGTCTVVMTDGSASGKADTKILFIEEGKIVHTSTLSGSAQHVEECSCYPRYPGVRCVCRDNWKGSNRPIVDINIKDHSIVSSYVCSGLVGDTPRKNDSSSSSHCLDPNNEEGGHGVKGWAFDDGNDVWMGRTINETSRLGYETFKVIEGWSNPKSKLQINRQVIVDRGNRSGYSGIFSVEGKSCINRCFYVELIRGRKEETEVLWTSNSIVVFCGTSGTYGTGSWPDGADLNLMPI,1,ATAVSDYFNRDLGWEDYYFPF,"[[""105"", ""A""], [""106"", ""T""], [""107"", ""A""], [""108"", ""V""], [""109"", ""S""], [""110"", ""D""], [""111"", ""Y""], [""111A"", ""F""], [""111B"", ""N""], [""111C"", ""R""], [""111D"", ""D""], [""112D"", ""L""], [""112C"", ""G""], [""112B"", ""W""], [""112A"", ""E""], [""112"", ""D""], [""113"", ""Y""], [""114"", ""Y""], [""115"", ""F""], [""116"", ""P""], [""117"", ""F""]]",21.0
8g3m,neuraminidase,QVHLVQSGAEVKEPGSSVTVSCKASGGSFNNQAISWVRQAPGQGLEWMGGIFPISGTPTSAQRFQGRVTFTADESTTTVYMDLSSLRSDDTAVYYCARAGSDYFNRDLGWENYYFASWGQGTLVTVSSASTKGPSVFPLAPSSKSTSGGTAALGCLVKDYFPEPVTVSWNSGALTSGVHTFPAVLQSSGLYSLSSVVTVPSSSLGTQTYICNVNHKPSNTKVDKKVEPKSC,METDTLLLWVLLLWVPGSTGDHHHHHHGSGLNDIFEAQKIEWHEGSIINETADDIVYRLTVIIDDRYESLKNLITLRADRLEMIINDNVSTILASGENLYFQGSAEYRNWSKPQCDITGFAPFSKDNSIRLSAGGDIWVTREPYVSCDPDKCYQFALGQGTTLNNVHSNNTVRDRTPYRTLLMNELGVPFHLGTKQVCIAWSSSSCHDGKAWLHVCITGDDKNATASFIYNGRLVDSVVSWSKEILRTQESECVCINGTCTVVMTDGSASGKADTKILFIEEGKIVHTSTLSGSAQHVEECSCYPRYPGVRCVCRDNWKGSNRPIVDINIKDHSIVSSYVCSGLVGDTPRKNDSSSSSHCLDPNNEEGGHGVKGWAFDDGNDVWMGRTINETSRLGYETFKVIEGWSNPKSKLQINRQVIVDRGNRSGYSGIFSVEGKSCINRCFYVELIRGRKEETEVLWTSNSIVVFCGTSGTYGTGSWPDGADLNLMPI,1,ARAGSDYFNRDLGWENYYFAS,"[[""105"", ""A""], [""106"", ""R""], [""107"", ""A""], [""108"", ""G""], [""109"", ""S""], [""110"", ""D""], [""111"", ""Y""], [""111A"", ""F""], [""111B"", ""N""], [""111C"", ""R""], [""111D"", ""D""], [""112D"", ""L""], [""112C"", ""G""], [""112B"", ""W""], [""112A"", ""E""], [""112"", ""N""], [""113"", ""Y""], [""114"", ""Y""], [""115"", ""F""], [""116"", ""A""], [""117"", ""S""]]",21.0
8g3o,neuraminidase,QVHLVQSGAEVKEPGSSVTVSCKASGGSFNNQAISWVRQAPGQGLEWMGGIFPISGTPTSAQRFQGRVTFTADESTTTVYMDLSSLRSDDTAVYYCARAGSDYFNRDLGWENYYFASWGQGTLVTVSSASTKGPSVFPLAPSSKSTSGGTAALGCLVKDYFPEPVTVSWNSGALTSGVHTFPAVLQSSGLYSLSSVVTVPSSSLGTQTYICNVNHKPSNTKVDKKVEPKSC,METDTLLLWVLLLWVPGSTGDHHHHHHGSGLNDIFEAQKIEWHEGSIINETADDIVYRLTVIIDDRYESLKNLITLRADRLEMIINDNVSTILASGLVPRGSGSAEYRNWSKPQCGITGFAPFSKDNSIRLSAGGDIWVTREPYVSCDLDKCYQFALGQGTTLNNVHSNNTVRDRTPYRTLLMNELGVPFHLGTKQVCIAWSSSSCHDGKAWLHVCITGDDKNATASFIYNGRLVDSVVSWSNDILRTQESECVCINGTCTVVMTDGNATGKADTKILFIEEGKIVHTSKLSGSAQHVEECSCYPRYPGVRCVCRDNWKGSNRPIIDINIKDHSIVSSYVCSGLVGDTPRKSDSSSSSHCLNPNNEEGGHGVKGWAFDDGNDVWMGRTINETSRLGYETFKVVEGWSNPKSKLQINRQVIVDRGDRSGYSGIFSVEGKSCINRCFYVELIRGRKEETEVLWTSNSIVVFCGTSGTYGTGSWPDGADLNLMHT,1,ARAGSDYFNRDLGWENYYFAS,"[[""105"", ""A""], [""106"", ""R""], [""107"", ""A""], [""108"", ""G""], [""109"", ""S""], [""110"", ""D""], [""111"", ""Y""], [""111A"", ""F""], [""111B"", ""N""], [""111C"", ""R""], [""111D"", ""D""], [""112D"", ""L""], [""112C"", ""G""], [""112B"", ""W""], [""112A"", ""E""], [""112"", ""N""], [""113"", ""Y""], [""114"", ""Y""], [""115"", ""F""], [""116"", ""A""], [""117"", ""S""]]",21.0
8g3q,neuraminidase,QVQLVQSGAEVKRPGSSVKVSCKPSGGTFSNNVISWVRQAPGQGLEWMGGIIPTSGIANYAQKFQGRVAIIADKSTSTVYMALSSLRSEDSAVYFCARARSDYFNRDLGWEDYYFENWGQGTLVTVSSASTKGPSVFPLAPSSKSTSGGTAALGCLVKDYFPEPVTVSWNSGALTSGVHTFPAVLQSSGLYSLSSVVTVPSSSLGTQTYICNVNHKPSNTKVDKRVEPKSC,METDTLLLWVLLLWVPGSTGDHHHHHHGSGLNDIFEAQKIEWHEGSIINETADDIVYRLTVIIDDRYESLKNLITLRADRLEMIINDNVSTILASGENLYFQGSAEYRNWSKPQCDITGFAPFSKDNSIRLSAGGDIWVTREPYVSCDPDKCYQFALGQGTTLNNVHSNNTVRDRTPYRTLLMNELGVPFHLGTKQVCIAWSSSSCHDGKAWLHVCITGDDKNATASFIYNGRLVDSVVSWSKEILRTQESECVCINGTCTVVMTDGSASGKADTKILFIEEGKIVHTSTLSGSAQHVEECSCYPRYPGVRCVCRDNWKGSNRPIVDINIKDHSIVSSYVCSGLVGDTPRKNDSSSSSHCLDPNNEEGGHGVKGWAFDDGNDVWMGRTINETSRLGYETFKVIEGWSNPKSKLQINRQVIVDRGNRSGYSGIFSVEGKSCINRCFYVELIRGRKEETEVLWTSNSIVVFCGTSGTYGTGSWPDGADLNLMPI,1,ARARSDYFNRDLGWEDYYFEN,"[[""105"", ""A""], [""106"", ""R""], [""107"", ""A""], [""108"", ""R""], [""109"", ""S""], [""110"", ""D""], [""111"", ""Y""], [""111A"", ""F""], [""111B"", ""N""], [""111C"", ""R""], [""111D"", ""D""], [""112D"", ""L""], [""112C"", ""G""], [""112B"", ""W""], [""112A"", ""E""], [""112"", ""D""], [""113"", ""Y""], [""114"", ""Y""], [""115"", ""F""], [""116"", ""E""], [""117"", ""N""]]",21.0
8g3r,neuraminidase,QVQLVQSGAEVKRPGSSVKVSCKPSGGTFSNNVISWVRQAPGQGLEWMGGIIPTSGIANYAQKFQGRVAIIADKSTSTVYMALSSLRSEDSAVYFCARARSDYFNRDLGWEDYYFENWGQGTLVTVSSASTKGPSVFPLAPSSKSTSGGTAALGCLVKDYFPEPVTVSWNSGALTSGVHTFPAVLQSSGLYSLSSVVTVPSSSLGTQTYICNVNHKPSNTKVDKRVEPKSC,METDTLLLWVLLLWVPGSTGDHHHHHHGSGLNDIFEAQKIEWHEGSIINETADDIVYRLTVIIDDRYESLKNLITLRADRLEMIINDNVSTILASGLVPRGSGSAEYRNWSKPQCDITGFAPFSKDNSIRLSAGGDIWVTREPYVSCDPDKCYQFALGQGTTLNNVHSNNTVRDRTPYRTLLMNELGVPFHLGTKQVCIAWSSSSCHDGKAWLHVCITGDDKNATASFIYNGRLVDSVVSWSKEILRTQESECVCINGTCTVVMTDGNATGKADTKILFIEEGKIVHTSTLSGSAQHVEECSCYPRYPGVRCVCRDNWKGSNRPIVDINIKDHSIVSSYVCSGLVGDTPRKNDSSSSSHCLDPNNEEGGHGVKGWAFDDGNDVWMGRTINETSRLGYETFKVIEGWSNPKSKLQINRQVIVDRGNRSGYSGIFSVEGKSCINRCFYVELIRGRKEETEVLWTSNSIVVFCGTSGTYGTGSWPDGADLNLMPI,1,ARARSDYFNRDLGWEDYYFEN,"[[""105"", ""A""], [""106"", ""R""], [""107"", ""A""], [""108"", ""R""], [""109"", ""S""], [""110"", ""D""], [""111"", ""Y""], [""111A"", ""F""], [""111B"", ""N""], [""111C"", ""R""], [""111D"", ""D""], [""112D"", ""L""], [""112C"", ""G""], [""112B"", ""W""], [""112A"", ""E""], [""112"", ""D""], [""113"", ""Y""], [""114"", ""Y""], [""115"", ""F""], [""116"", ""E""], [""117"", ""N""]]",21.0
8g3v,neuraminidase,QVQLVQSGAEVKRPGSSVRVSCKASEGTFNKYTLTWVRQAPGQGLEWMGGIIPISGIANYAQKFQGRVAITADESTTTAYMELSSLRSEDSAVYYCATAVSDYFNRDLGWEDYYFPFWGQGTLVTVASASTKGPSVFPLAPSSKSTSGGTAALGCLVKDYFPEPVTVSWNSGALTSGVHTFPAVLQSSGLYSLSSVVTVPSSSLGTQTYICNVNHKPSNTKVDKRVEPKSC,METDTLLLWVLLLWVPGSTGDHHHHHHGSGLNDIFEAQKIEWHEGSIINETADDIVYRLTVIIDDRYESLKNLITLRADRLEMIINDNVSTILASGLVPRGSGSAEYRNWSKPQCGITGFAPFSKDNSIRLSAGGDIWVTREPYVSCDLDKCYQFALGQGTTLNNVHSNNTVRDRTPYRTLLMNELGVPFHLGTKQVCIAWSSSSCHDGKAWLHVCITGDDKNATASFIYNGRLVDSVVSWSNDILRTQESECVCINGTCTVVMTDGNATGKADTKILFIEEGKIVHTSKLSGSAQHVEECSCYPRYPGVRCVCRDNWKGSNRPIIDINIKDHSIVSSYVCSGLVGDTPRKSDSSSSSHCLNPNNEEGGHGVKGWAFDDGNDVWMGRTINETSRLGYETFKVVEGWSNPKSKLQINRQVIVDRGDRSGYSGIFSVEGKSCINRCFYVELIRGRKEETEVLWTSNSIVVFCGTSGTYGTGSWPDGADLNLMHT,1,ATAVSDYFNRDLGWEDYYFPF,"[[""105"", ""A""], [""106"", ""T""], [""107"", ""A""], [""108"", ""V""], [""109"", ""S""], [""110"", ""D""], [""111"", ""Y""], [""111A"", ""F""], [""111B"", ""N""], [""111C"", ""R""], [""111D"", ""D""], [""112D"", ""L""], [""112C"", ""G""], [""112B"", ""W""], [""112A"", ""E""], [""112"", ""D""], [""113"", ""Y""], [""114"", ""Y""], [""115"", ""F""], [""116"", ""P""], [""117"", ""F""]]",21.0
8g3z,neuraminidase,QVQLVQSGAEVKRPGSSVKVSCKPSGGTFSNNVISWVRQAPGQGLEWMGGIIPTSGIANYAQKFQGRVAIIADKSTSTVYMALSSLRSEDSAVYFCARARSDYFNRDLGWEDYYFENWGQGTLVTVSSASTKGPSVFPLAPSSKSTSGGTAALGCLVKDYFPEPVTVSWNSGALTSGVHTFPAVLQSSGLYSLSSVVTVPSSSLGTQTYICNVNHKPSNTKVDKRVEPKSC,METDTLLLWVLLLWVPGSTGDHHHHHHGSGLNDIFEAQKIEWHEGSIINETADDIVYRLTVIIDDRYESLKNLITLRADRLEMIINDNVSTILASGLVPRGSGSLPEPEWTYPRLSCPGSTFQKALLISPHRFGEIKGNSAPLIIREPFIACGPTECKHFALTHYAAQPGGYYNGTREDRNKLRHLISVKLGKIPTVENSIFHMAAWSGSACHDGKEWTYIGVDGPDSNALLKIKYGEAYTDTYHSYAKNILRTQESACNCIGGDCYLMITDGPASGVSECRFLKIREGRIIKEIFPTGRVKHTEECTCGFASNKTIECACRDNRYTAKRPFVKLNVETDTAEIRLMCTETYLDTPRPNDGSITGPCESDGDKGSGGIKGGFVHQRMASKIGRWYSRTMSKTKRMGMGLYVKYDGDPWTDSEALALSGVMVSMEEPGWYSFGFEIKDKKCDVPCIGIEMVHDGGKTTWHSAATAIYCLMGSGQLLWDTVTGVDMAL,1,ARARSDYFNRDLGWEDYYFEN,"[[""105"", ""A""], [""106"", ""R""], [""107"", ""A""], [""108"", ""R""], [""109"", ""S""], [""110"", ""D""], [""111"", ""Y""], [""111A"", ""F""], [""111B"", ""N""], [""111C"", ""R""], [""111D"", ""D""], [""112D"", ""L""], [""112C"", ""G""], [""112B"", ""W""], [""112A"", ""E""], [""112"", ""D""], [""113"", ""Y""], [""114"", ""Y""], [""115"", ""F""], [""116"", ""E""], [""117"", ""N""]]",21.0
1nca,neuraminidase,QIQLVQSGPELKKPGETVKISCKASGYTFTNYGMNWVKQAPGKGLKWMGWINTNTGEPTYGEEFKGRFAFSLETSASTANLQINNLKNEDTATFFCARGEDNFGSLSDYWGQGTTVTVSSAKTTAPSVYPLAPVCGDTTGSSVTLGCLVKGYFPEPVTLTWNSGSLSSGVHTFPAVLQSDLYTLSSSVTVTSSTWPSQSITCNVAHPASSTKVDKKIEPRG,IRDFNNLTKGLCTINSWHIYGKDNAVRIGEDSDVLVTREPYVSCDPDECRFYALSQGTTIRGKHSNGTIHDRSQYRALISWPLSSPPTVYNSRVECIGWSSTSCHDGKTRMSICISGPNNNASAVIWYNRRPVTEINTWARNILRTQESECVCHNGVCPVVFTDGSATGPAETRIYYFKEGKILKWEPLAGTAKHIEECSCYGERAEITCTCRDNWQGSNRPVIRIDPVAMTHTSQYICSPVLTDNPRPNDPTVGKCNDPYPGNNNNGVKGFSYLDGVNTWLGRTISIASRSGYEMLKVPNALTDDKSKPTQGQTIVLNTDWSGYSGSFMDYWAEGECYRACFYVELIRGRPKEDKVWWTSNSIVSMCSSTEFLGQWDWPDGAKIEYFL,1,ARGEDNFGSLSDY,"[[""105"", ""A""], [""106"", ""R""], [""107"", ""G""], [""108"", ""E""], [""109"", ""D""], [""110"", ""N""], [""111"", ""F""], [""112"", ""G""], [""113"", ""S""], [""114"", ""L""], [""115"", ""S""], [""116"", ""D""], [""117"", ""Y""]]",13.0
6pzw,neuraminidase,QVQLVESGGGVVQPGRSLRLSCAASGFTFNNYGMHWVRQAPGKGLEWVAVISYDGSNKYYADSVKGRFTISRDNSKNTLYLQMNSLRAEDTAVYYCAKDKRFITMILVGPFDYWGQGTLVTVSSASTKGPSVFPLAPSSKSTSGGTAALGCLVKDYFPEPVTVSWNSGALTSGVHTFPAVLQSSGLYSLSSVVTVPSSSLGTQTYICNVNHKPSNTKVDKRVEPKSC,LKPGCNCSHSQPETTNTSQTIINNYYNETNITNIQMEERTSRNFNNLTKGLCTINSWHIYGKDNAVRIGESSDVLVTREPYVSCDPDECRFYALSQGTTIRGKHSNGTIHDRSQYRALISWPLSSPPTVYNSRVECIGWSSTSCHDGKSRMSICISGPNNNASAVVWYNRRPVAEINTWARNILRTQESECVCHNGVCPVVFTDGSATGPADTRIYYFKEGKILKWESLTGTAKHIEECSCYGERTGITCTCRDNWQGSNRPVIQIDPVAMTHTSQYICSPVLTDNPRPNDPNIGKCNDPYPGNNNNGVKGFSYLDGANTWLGRTISTASRSGYEMLKVPNALTDDRSKPIQGQTIVLNADWSGYSGSFMDYWAEGDCYRACFYVELIRGRPKEDKVWWTSNSIVSMCSSTEFLGQWNWPDGAKIEYFL,1,AKDKRFITMILVGPFDY,"[[""105"", ""A""], [""106"", ""K""], [""107"", ""D""], [""108"", ""K""], [""109"", ""R""], [""110"", ""F""], [""111"", ""I""], [""111A"", ""T""], [""111B"", ""M""], [""112B"", ""I""], [""112A"", ""L""], [""112"", ""V""], [""113"", ""G""], [""114"", ""P""], [""115"", ""F""], [""116"", ""D""], [""117"", ""Y""]]",17.0
6v4n,neuraminidase,QVQLQESGPGLVRPSETLSLTCTVSGDSIGGSYWNWIRQPPGKGLQWIGYIYYTGITNYNPSLKSRVTMSLDTSKNQISLKMDSVTAADTALYFCARGDYSGYDRDVQVELMDVWGKGTTVTVSSASTKGPSVFPLAPSSKSTSGGTAALGCLVKDYFPEPVTVSWNSGALTSGVHTFPAVLQSSGLYSLSSVVTVPSSSLGTQTYICNVNHKPSNTKVDKKVEPKSCRSLVPRGSSGHHHHHH,ADPHHHHHHSSSDYSDLQRVKQELLEEVKKELQKVKEEIIEAFVQELRKRGSLVPRGSPSRWTYPRLSCPGSTFQKALLISPHRFGETKGNSAPLIIREPFIACGPKECKHFALTHYAAQPGGYYNGTREDRNKLRHLISVKLGKIPTVENSIFHMAAWSGSACHDGREWTYIGVDGPDSNALLKIKYGEAYTDTYHSYAKNILRTQESACNCIGGDCYLMITDGPASGISECRFLKIREGRIIKEIFPTGRVKHTEECTCGFASNKTIECACRDNSYTAKRPFVKLNVETDTAEIRLMCTKTYLDTPRPNDGSITGPCESDGDEGSGGIKGGFVHQRMASKIGRWYSRTMSKTKRMGMGLYVKYDGDPWTDSEALALSGVMVSMEEPGWYSFGFEIKDKKCDVPCIGIEMVHDGGKTTWHSAATAIYCLMGSGQLLWDTVTGVNMTL,1,ARGDYSGYDRDVQVELMDV,"[[""105"", ""A""], [""106"", ""R""], [""107"", ""G""], [""108"", ""D""], [""109"", ""Y""], [""110"", ""S""], [""111"", ""G""], [""111A"", ""Y""], [""111B"", ""D""], [""111C"", ""R""], [""112C"", ""D""], [""112B"", ""V""], [""112A"", ""Q""], [""112"", ""V""], [""113"", ""E""], [""114"", ""L""], [""115"", ""M""], [""116"", ""D""], [""117"", ""V""]]",19.0
6lxj,neuraminidase,EVQLVQSGAEVKKPGSSVKVSCKASGGPFSSYGFSWVRQAPGQGLEWMGGIIPVYGTTNYAQKFQGRVTITADESTSTAYMELSSLKSEDTAVYYCARDLQDTPMVDRIIGSYYYYNGLDVWGQGTTVTVSSASTKGPSVFPLAPSSKSTSGGTAALGCLVKDYFPEPVTVSWNSGALTSGVHTFPAVLQSSGLYSLSSVVTVPSSSLGTQTYICNVNHKPSNTKVDKKVEPKSCDK,RNFNNLTKGLCTINSWHIYGKDNAVRIGESSDVLVTREPYVSCDPDECRFYALSQGTTIRGKHSNGTIHDRSQYRALISWPLSSPPTVYNSRVECIGWSSTSCHDGKSRMSICISGPNNNASAVVWYNRRPVAEINTWARNILRTQESECVCHNGVCPVVFTDGSATGPADTRIYYFKEGKILKWESLTGTAKHIEECSCYGERTGITCTCRDNWQGSNRPVIQIDPVAMTHTSQYICSPVLTDNPRPNDPNIGKCNDPYPGNNNNGVKGFSYLDGANTWLGRTISTASRSGYEMLKVPNALTDDRSKPIQGQTIVLNADWSGYSGSFMDYWAEGDCYRACFYVELIRGRPKEDKVWWTSNSIVSMCSSTEFLGQWNWPDGAKIEYFL,1,ARDLQDTPMVDRIIGSYYYYNGLDV,"[[""105"", ""A""], [""106"", ""R""], [""107"", ""D""], [""108"", ""L""], [""109"", ""Q""], [""110"", ""D""], [""111"", ""T""], [""111A"", ""P""], [""111B"", ""M""], [""111C"", ""V""], [""111D"", ""D""], [""111E"", ""R""], [""111F"", ""I""], [""112F"", ""I""], [""112E"", ""G""], [""112D"", ""S""], [""112C"", ""Y""], [""112B"", ""Y""], [""112A"", ""Y""], [""112"", ""Y""], [""113"", ""N""], [""114"", ""G""], [""115"", ""L""], [""116"", ""D""], [""117"", ""V""]]",25.0
6lxk,neuraminidase,EVQLVQSGAEVKKPGSSVKVSCKASGGPFSSYGFSWVRQAPGQGLEWMGGIIPVYGTTNYAQKFQGRVTITADESTSTAYMELSSLKSEDTAVYYCARDLQRTPMVDRIIGSYYYYNGLDVWGQGTTVTVSSASTKGPSVFPLAPSSKSTSGGTAALGCLVKDYFPEPVTVSWNSGALTSGVHTFPAVLQSSGLYSLSSVVTVPSSSLGTQTYICNVNHKPSNTKVDKKVEPKSCDK,MNPNQKIITIGSVCMTIGMANLILQIGNIISIWVSHSIQLGNQSQIGTCNQSVITYENNTWVNQTYVNISNTNFAAGQSVVSVKLAGNSSLCPVSGWAIYSKDNSVRIGSKGDVFVIREPFISCSPLECRTFFLTQGALLNDKHSNGTIKDRSPYRTLMSCPIGEVPSPYNSRFESVAWSASACHDGINWLTIGISGPDSGAVAVLKYNGIITDTIKSWRNNILRTQESECACVNGSCFTIMTDGPSDGQASYKIFRIEKGKIVKSVEMNAPNYHYEECSCYPDSSEITCVCRDNWHGSNRPWVSFNQNLEYQIGYICSGVFGDNPRPNDKTGSCGPVSSNGANGVKGFSFKYGNGVWIGRTKSISSRKGFEMIWDPNGWTGTDNKFSIKQDIVGINEWSGYSGSFVQHPELTGLDCIRPCFWVELIRGRPEENTIWTSGSSISFCGVNSDTVGWSWPDGAELPFTIDK,1,ARDLQRTPMVDRIIGSYYYYNGLDV,"[[""105"", ""A""], [""106"", ""R""], [""107"", ""D""], [""108"", ""L""], [""109"", ""Q""], [""110"", ""R""], [""111"", ""T""], [""111A"", ""P""], [""111B"", ""M""], [""111C"", ""V""], [""111D"", ""D""], [""111E"", ""R""], [""111F"", ""I""], [""112F"", ""I""], [""112E"", ""G""], [""112D"", ""S""], [""112C"", ""Y""], [""112B"", ""Y""], [""112A"", ""Y""], [""112"", ""Y""], [""113"", ""N""], [""114"", ""G""], [""115"", ""L""], [""116"", ""D""], [""117"", ""V""]]",25.0
1ncb,neuraminidase,QIQLVQSGPELKKPGETVKISCKASGYTFTNYGMNWVKQAPGKGLEWMGWINTNTGEPTYGEEFKGRFAFSLETSASTANLQINNLKNEDKATFFCARGEDNFGSLSDYWGQGTTLTVSSAKTTAPSVYPLAPVCGDTTGSSVTLGCLVKGYFPEPVTLTWNSGSLSSGVHTFPAVLQSDLYTLSSSVTVTSSTWPSQSITCNVAHPASSTKVDKKIEPRG,IRDFNNLTKGLCTINSWHIYGKDNAVRIGEDSDVLVTREPYVSCDPDECRFYALSQGTTIRGKHSNGTIHDRSQYRALISWPLSSPPTVYNSRVECIGWSSTSCHDGKTRMSICISGPNNNASAVIWYNRRPVTEINTWARNILRTQESECVCHNGVCPVVFTDGSATGPAETRIYYFKEGKILKWEPLAGTAKHIEECSCYGERAEITCTCRDNWQGSNRPVIRIDPVAMTHTSQYICSPVLTDNPRPDDPTVGKCNDPYPGNNNNGVKGFSYLDGVNTWLGRTISIASRSGYEMLKVPNALTDDKSKPTQGQTIVLNTDWSGYSGSFMDYWAEGECYRACFYVELIRGRPKEDKVWWTSNSIVSMCSSTEFLGQWDWPDGAKIEYFL,1,ARGEDNFGSLSDY,"[[""105"", ""A""], [""106"", ""R""], [""107"", ""G""], [""108"", ""E""], [""109"", ""D""], [""110"", ""N""], [""111"", ""F""], [""112"", ""G""], [""113"", ""S""], [""114"", ""L""], [""115"", ""S""], [""116"", ""D""], [""117"", ""Y""]]",13.0
6v4o,neuraminidase,EVQLVQSGAEVKKPGSSVKVSCKASGYTFINHALSWVRQAPGQGLEWVGGIIPIFGLAKYGQKFQDRVTITADESTKTAYMDLRSLRSDDTAVYYCARDTVAVYEDFDWSSPYFFYMDVWGKGTTVTVSSASTKGPSVFPLAPSSKSTSGGTAALGCLVKDYFPEPVTVSWNSGALTSGVHTFPAVLQSSGLYSLSSVVTVPSSSLGTQTYICNVNHKPSNTKVDKKVEPKSCRSLVPRGSSGHHHHHH,ADPHHHHHHSSSDYSDLQRVKQELLEEVKKELQKVKEEIIEAFVQELRKRGSLVPRGSPSRWTYPRLSCPGSTFQKALLISPHRFGETKGNSAPLIIREPFIACGPKECKHFALTHYAAQPGGYYNGTREDRNKLRHLISVKLGKIPTVENSIFHMAAWSGSACHDGREWTYIGVDGPDSNALLKIKYGEAYTDTYHSYAKNILRTQESACNCIGGDCYLMITDGPASGISECRFLKIREGRIIKEIFPTGRVKHTEECTCGFASNKTIECACRDNSYTAKRPFVKLNVETDTAEIRLMCTKTYLDTPRPNDGSITGPCESDGDEGSGGIKGGFVHQRMASKIGRWYSRTMSKTKRMGMGLYVKYDGDPWTDSEALALSGVMVSMEEPGWYSFGFEIKDKKCDVPCIGIEMVHDGGKTTWHSAATAIYCLMGSGQLLWDTVTGVNMTL,1,ARDTVAVYEDFDWSSPYFFYMDV,"[[""105"", ""A""], [""106"", ""R""], [""107"", ""D""], [""108"", ""T""], [""109"", ""V""], [""110"", ""A""], [""111"", ""V""], [""111A"", ""Y""], [""111B"", ""E""], [""111C"", ""D""], [""111D"", ""F""], [""111E"", ""D""], [""112E"", ""W""], [""112D"", ""S""], [""112C"", ""S""], [""112B"", ""P""], [""112A"", ""Y""], [""112"", ""F""], [""113"", ""F""], [""114"", ""Y""], [""115"", ""M""], [""116"", ""D""], [""117"", ""V""]]",23.0
6pzz,neuraminidase,QVQLVQSGAEVKRPGASVKVSCKASGYTFISYGISWVRQAPGQGLEWMGWISAYNGNTNYAQNLQGRVTMTTDTSTSTAYMELRSLRSDDTAVYYCARVIPGTAVDYFDYWGQGTLVTVSSASTKGPSVFPLAPSSKSTSGGTAALGCLVKDYFPEPVTVSWNSGALTSGVHTFPAVLQSSGLYSLSSVVTVPSSSLGTQTYICNVNHKPSNTKVDKRVEPKSC,LKPGCNCSHSQPETTNTSQTIINNYYNETNITNIQMEERTSRNFNNLTKGLCTINSWHIYGKDNAVRIGESSDVLVTREPYVSCDPDECRFYALSQGTTIRGKHSNGTIHDRSQYRALISWPLSSPPTVYNSRVECIGWSSTSCHDGKSRMSICISGPNNNASAVVWYNRRPVAEINTWARNILRTQESECVCHNGVCPVVFTDGSATGPADTRIYYFKEGKILKWESLTGTAKHIEECSCYGERTGITCTCRDNWQGSNRPVIQIDPVAMTHTSQYICSPVLTDNPRPNDPNIGKCNDPYPGNNNNGVKGFSYLDGANTWLGRTISTASRSGYEMLKVPNALTDDRSKPIQGQTIVLNADWSGYSGSFMDYWAEGDCYRACFYVELIRGRPKEDKVWWTSNSIVSMCSSTEFLGQWNWPDGAKIEYFL,1,ARVIPGTAVDYFDY,"[[""105"", ""A""], [""106"", ""R""], [""107"", ""V""], [""108"", ""I""], [""109"", ""P""], [""110"", ""G""], [""111"", ""T""], [""112A"", ""A""], [""112"", ""V""], [""113"", ""D""], [""114"", ""Y""], [""115"", ""F""], [""116"", ""D""], [""117"", ""Y""]]",14.0
6pzy,neuraminidase,QVQLEESGPGLVKPSETLSLTCTVSGYTISSGYYWGWIRQPPGKGLEWIGCNNHRGSSYYNPSLKSRVIISVDTTKNKFSLKLSSVTAADTAVYYCARDPSFWSSTSRTSPYYYGMDVWGQGTLVTVSSASTKGPSVFPLAPSSKSTSGGTAALGCLVKDYFPEPVTVSWNSGALTSGVHTFPAVLQSSGLYSLSSVVTVPSSSLGTQTYICNVNHKPSNTKVDKRVEPKSC,LKPGCNCSHSQPETTNTSQTIINNYYNETNITNIQMEERTSRNFNNLTKGLCTINSWHIYGKDNAVRIGESSDVLVTREPYVSCDPDECRFYALSQGTTIRGKHSNGTIHDRSQYRALISWPLSSPPTVYNSRVECIGWSSTSCHDGKSRMSICISGPNNNASAVVWYNRRPVAEINTWARNILRTQESECVCHNGVCPVVFTDGSATGPADTRIYYFKEGKILKWESLTGTAKHIEECSCYGERTGITCTCRDNWQGSNRPVIQIDPVAMTHTSQYICSPVLTDNPRPNDPNIGKCNDPYPGNNNNGVKGFSYLDGANTWLGRTISTASRSGYEMLKVPNALTDDRSKPIQGQTIVLNADWSGYSGSFMDYWAEGDCYRACFYVELIRGRPKEDKVWWTSNSIVSMCSSTEFLGQWNWPDGAKIEYFL,1,ARDPSFWSSTSRTSPYYYGMDV,"[[""105"", ""A""], [""106"", ""R""], [""107"", ""D""], [""108"", ""P""], [""109"", ""S""], [""110"", ""F""], [""111"", ""W""], [""111A"", ""S""], [""111B"", ""S""], [""111C"", ""T""], [""111D"", ""S""], [""112E"", ""R""], [""112D"", ""T""], [""112C"", ""S""], [""112B"", ""P""], [""112A"", ""Y""], [""112"", ""Y""], [""113"", ""Y""], [""114"", ""G""], [""115"", ""M""], [""116"", ""D""], [""117"", ""V""]]",22.0
2aep,neuraminidase,EVKLVESGGGLVQPGGSLSLSCATSGFTFIDYYMSWFRQPPGKALEWLGLIRNKGNGYTMEYSASLKGRFTISRDNSQSIVYLHMNTLTAEDSATYYCARVDYGTNYDYWGQGTTLTVSSAKTTAPSVYPLAPVCGDTTGSSVTLGCLVKGYFPEPVTLTWNSGSLSSGVHTFPAVLQSDLYTLSSSVTVTSSTWPSQSITCNVAHPASSTKVDKKI,KEICPKLAEYRNWSKPQCKITGFAPFSKDNSIRLSAGGDIWVTREPYVSCDPDKCYQFALGQGTTLNNRHSNDTVHDRTPYRTLLMNELGVPFHLGTKQVCIAWSSSSCHDGKAWLHVCVTGHDENATASFIYDGRLVDSIGSWSKKILRTQESECVCINGTCTVVMTDGSASGRADTKILFIEEGKIVHISPLSGSAQHVEECSCYPRYPGVRCVCRDNWKGSNRPIVDINVKDYSIVSSYVCSGLVGDTPRKNDSSSSSHCLNPNNEEGGHGVKGWAFDDGNDVWMGRTISEKFRSGYETFKVIEGWSKPNSKLQINRQVIVDRGNRSGYSGIFSVEGKSCINRCFYVELIRGRKQETEVWWTSNSIVVFCGTSGTYGTGSWPDGADINLMPI,1,ARVDYGTNYDY,"[[""105"", ""A""], [""106"", ""R""], [""107"", ""V""], [""108"", ""D""], [""109"", ""Y""], [""110"", ""G""], [""113"", ""T""], [""114"", ""N""], [""115"", ""Y""], [""116"", ""D""], [""117"", ""Y""]]",11.0
6u02,neuraminidase,EVQLVESGGGLVQPGGSLRLSCAASGFTFSSYWMSWVRQAPGKGLDWVANIKQDGSEKYYVDSVKGRFTISRHNAKNSLYLQMNSLRAEDTAVYYCASSTAAEFFDYWGQGTLVTVSSASTKGPSVFPLAPSSKSTSGGTAALGCLVKDYFPEPVTVSWNSGALTSGVHTFPAVLQSSGLYSLSSVVTVPSSSLGTQTYICNVNHKPSNTKVDKRVEPKSC,LKPGCNCSHSQPETTNTSQTIINNYYNETNITNIQMEERTSRNFNNLTKGLCTINSWHIYGKDNAVRIGESSDVLVTREPYVSCDPDECRFYALSQGTTIRGKHSNGTIHDRSQYRALISWPLSSPPTVYNSRVECIGWSSTSCHDGKSRMSICISGPNNNASAVVWYNRRPVAEINTWARNILRTQESECVCHNGVCPVVFTDGSATGPADTRIYYFKEGKILKWESLTGTAKHIEECSCYGERTGITCTCRDNWQGSNRPVIQIDPVAMTHTSQYICSPVLTDNPRPNDPNIGKCNDPYPGNNNNGVKGFSYLDGANTWLGRTISTASRSGYEMLKVPNALTDDRSKPIQGQTIVLNADWSGYSGSFMDYWAEGDCYRACFYVELIRGRPKEDKVWWTSNSIVSMCSSTEFLGQWNWPDGAKIEYFL,1,ASSTAAEFFDY,"[[""105"", ""A""], [""106"", ""S""], [""107"", ""S""], [""108"", ""T""], [""109"", ""A""], [""110"", ""A""], [""113"", ""E""], [""114"", ""F""], [""115"", ""F""], [""116"", ""D""], [""117"", ""Y""]]",11.0
6q23,neuraminidase,DEVQLVESGGRALRPGGSLRLSCAASGFKFDDYAMSWVRQVPGKGLEFVSGLNWNGDITAYTDSVKGRFTVSRDNAKNSLYLHINSPKPEDTALYYCARTSSWGDYTRGPEPKITWYFDLWGRGTLVTVSSASTKGPSVFPLAPSSKSTSGGTAALGCLVKDYFPEPVTVSWNSGALTSGVHTFPAVLQSSGLYSLSSVVTVPSSSLGTQTYICNVNHKPSNTKVDKRVEPKSCHHHHHH,GSPSRSVKLAGNSSLCPVSGWAIYSKDNSVRIGSKGDVFVIREPFISCSPLECRTFFLTQGALLNDKHSNGTIKDRSPYRTLMSCPIGEVPSPYNSRFESVAWSASACHDGINWLTIGISGPDNGAVAVLKYNGIITDTIKSWRNNILRTQESECACVNGSCFTVMTDGPSNGQASYKIFRIEKGKIVKSVEMNAPNYHYEECSCYPDSSEITCVCRDNWHGSNRPWVSFNQNLEYQIGYICSGIFGDNPRPNDKTGSCGPVSSNGANGVKGFSFKYGNGVWIGRTKSISSRNGFEMIWDPNGWTGTDNNFSIKQDIVGINEWSGYSGSFVQHPELTGLDCIRPCFWVELIRGRPKENTIWTSGSSISFCGVNSDTVGWSWPDGAELPFTI,1,ARTSSWGDYTRGPEPKITWYFDL,"[[""105"", ""A""], [""106"", ""R""], [""107"", ""T""], [""108"", ""S""], [""109"", ""S""], [""110"", ""W""], [""111"", ""G""], [""111A"", ""D""], [""111B"", ""Y""], [""111C"", ""T""], [""111D"", ""R""], [""111E"", ""G""], [""112E"", ""P""], [""112D"", ""E""], [""112C"", ""P""], [""112B"", ""K""], [""112A"", ""I""], [""112"", ""T""], [""113"", ""W""], [""114"", ""Y""], [""115"", ""F""], [""116"", ""D""], [""117"", ""L""]]",23.0
6q1z,neuraminidase,DEVQLVESGGRVVRPGGSLRLSCAASGFTFDDYGMSWVRQAPGKGLEFVSGLNWNGDITAFTDSVKGRFTISRDNAKSSLYLQMNSLRADDTAFYYCARVRTWGEYTTREEPIHSWYFDLWGRGTLVTVSSASTKGPSVFPLAPSSKSTSGGTAALGCLVKDYFPEPVTVSWNSGALTSGVHTFPAVLQSSGLYSLSSVVTVPSSSLGTQTYICNVNHKPSNTKVDKRVEPKSCHHHHHH,GSPSRRNFNNLTKGLCTINSWHIYGKDNAVRIGESSDVLVTREPYVSCDPDECRFYALSQGTTIRGKHSNGTIHDRSQYRALISWPLSSPPTVHNSRVECIGWSSTSCHDGKSRMSICISGPNNNASAVVWYNRRPVAEINTWARNILRTQESECVCHNGVCPVVFTDGPATGPADTRIYYFKEGKILKWESLTGTAKHIEECSCYGERTGITCTCRDNWQGSNRPVVQIDPVAMTHTSQYICSPVLTDSPRPNDPNIGKCNDPYPGNNNNGVKGFSYLDGANTWLGRTISTASRSGYEMLKVPNALTDDRSKPIQGQTIVLNADWSGYSGSFMDYWAEGDCYRACFYVELIRGRPKEDKVWWTSNSIVSMCSSTEFLGQWNWPDGAKIEYFL,1,ARVRTWGEYTTREEPIHSWYFDL,"[[""105"", ""A""], [""106"", ""R""], [""107"", ""V""], [""108"", ""R""], [""109"", ""T""], [""110"", ""W""], [""111"", ""G""], [""111A"", ""E""], [""111B"", ""Y""], [""111C"", ""T""], [""111D"", ""T""], [""111E"", ""R""], [""112E"", ""E""], [""112D"", ""E""], [""112C"", ""P""], [""112B"", ""I""], [""112A"", ""H""], [""112"", ""S""], [""113"", ""W""], [""114"", ""Y""], [""115"", ""F""], [""116"", ""D""], [""117"", ""L""]]",23.0
1ncd,neuraminidase,QIQLVQSGPELKKPGETVKISCKASGYTFTNYGMNWVKQAPGKGLEWMGWINTNTGEPTYGEEFKGRFAFSLETSASTANLQINNLKNEDKATFFCARGEDNFGSLSDYWGQGTTLTVSSAKTTAPSVYPLAPVCGDTTGSSVTLGCLVKGYFPEPVTLTWNSGSLSSGVHTFPAVLQSDLYTLSSSVTVTSSTWPSQSITCNVAHPASSTKVDKKIEPRG,IREFNNLTKGLCTINSWHIYGKDNAVRIGEDSDVLVTREPYVSCDPDECRFYALSQGTTIRGKHSNGTIHDRSQYRDLISWPLSSPPTVYNSRVECIGWSSTSCHDGRARMSICISGPNNNASAVIWYNRRPVTEINTWARNILRTQESECVCQNGVCPVVFTDGSATGPAETRIYYFKEGKILKWEPLTGTAKHIEECSCYGEQAGVTCTCRDNWQGSNRPVIQIDPVAMTHTSQYICSPVLTDNPRPNDPTVGKCNDPYPGNNNNGVKGFSYLDGGNTWLGRTISIASRSGYEMLKVPNALTDDRSKPTQGQTIVLNTDWSGYSGSFMDYWAEGECYRACFYVELIRGRPKEDKVWWTSNSIVSMCSSTEFLGQWNWPDGAKIEYFL,1,ARGEDNFGSLSDY,"[[""105"", ""A""], [""106"", ""R""], [""107"", ""G""], [""108"", ""E""], [""109"", ""D""], [""110"", ""N""], [""111"", ""F""], [""112"", ""G""], [""113"", ""S""], [""114"", ""L""], [""115"", ""S""], [""116"", ""D""], [""117"", ""Y""]]",13.0
6pzf,neuraminidase,DEVQLVESGGGLVQPGGSLRLSCAASGFTFSSYWMSWVRQAPGKGLDWVANIKQDGSEKYYVDSVKGRFTISRHNAKNSLYLQMNSLRAEDTAVYYCASSTAAEFFDYWGQGTLVTVSSASTKGPSVFPLAPSSKSTSGGTAALGCLVKDYFPEPVTVSWNSGALTSGVHTFPAVLQSSGLYSLSSVVTVPSSSLGTQTYICNVNHKPSNTKVDKRVEPKSCHHHHHH,GSPSRRNFNNLTKGLCTINSWHIYGKDNAVRIGESSDVLVTREPYVSCDPDECRFYALSQGTTIRGKHSNGTIHDRSQYRALISWPLSSPPTVHNSRVECIGWSSTSCHDGKSRMSICISGPNNNASAVVWYNRRPVAEINTWARNILRTQESECVCHNGVCPVVFTDGPATGPADTRIYYFKEGKILKWESLTGTAKHIEECSCYGERTGITCTCRDNWQGSNRPVVQIDPVAMTHTSQYICSPVLTDSPRPNDPNIGKCNDPYPGNNNNGVKGFSYLDGANTWLGRTISTASRSGYEMLKVPNALTDDRSKPIQGQTIVLNADWSGYSGSFMDYWAEGDCYRACFYVELIRGRPKEDKVWWTSNSIVSMCSSTEFLGQWNWPDGAKIEYFL,1,ASSTAAEFFDY,"[[""105"", ""A""], [""106"", ""S""], [""107"", ""S""], [""108"", ""T""], [""109"", ""A""], [""110"", ""A""], [""113"", ""E""], [""114"", ""F""], [""115"", ""F""], [""116"", ""D""], [""117"", ""Y""]]",11.0
6pze,neuraminidase,DQVQLVESGPGLVKPSETLSLTCTVSGGSISSSSYYWGWIRQPPGKGLEWIGSIYYSGSTYYNPSLKSRVTISVDTSKNQFSLKLSSVTAADTAVYYCARDPGLEWELSVLSNWFDPWGQGTLVTVSSASTKGPSVFPLAPSSKSTSGGTAALGCLVKDYFPEPVTVSWNSGALTSGVHTFPAVLQSSGLYSLSSVVTVPSSSLGTQTYICNVNHKPSNTKVDKRVEPKSCHHHHHH,GSPSRRNFNNLTKGLCTINSWHIYGKDNAVRIGESSDVLVTREPYVSCDPDECRFYALSQGTTIRGKHSNGTIHDRSQYRALISWPLSSPPTVHNSRVECIGWSSTSCHDGKSRMSICISGPNNNASAVVWYNRRPVAEINTWARNILRTQESECVCHNGVCPVVFTDGSATGPADTRIYYFKEGKILKWESLTGTAKHIEECSCYGERTGITCTCRDNWQGSNRPVIQIDPVAMTHTSQYICSPVLTDNPRPNDPNIGKCNDPYPGNNNNGVKGFSYLDGANTWLGRTISTASRSGYEMLKVPNALTDDRSKPIQGQTIVLNADWSGYSGSFMDYWAEGDCYRACFYVELIRGRPKEDKVWWTSNSIVSMCSSTEFLGQWNWPDGAKIEYFL,1,ARDPGLEWELSVLSNWFDP,"[[""105"", ""A""], [""106"", ""R""], [""107"", ""D""], [""108"", ""P""], [""109"", ""G""], [""110"", ""L""], [""111"", ""E""], [""111A"", ""W""], [""111B"", ""E""], [""111C"", ""L""], [""112C"", ""S""], [""112B"", ""V""], [""112A"", ""L""], [""112"", ""S""], [""113"", ""N""], [""114"", ""W""], [""115"", ""F""], [""116"", ""D""], [""117"", ""P""]]",19.0
1nmc,neuraminidase,QVQLQQSGAELVKPGASVRMSCKASGYTFTNYNMYWVKQSPGQGLEWIGIFYPGNGDTSYNQKFKDKATLTADKSSNTAYMQLSSLTSEDSAVYYCARSGGSYRYDGGFDYWGQGTTVTVSS,RDFNNLTKGLCTINSWHIYGKDNAVRIGEDSDVLVTREPYVSCDPDECRFYALSQGTTIRGKHSNGTIHDRSQYRALISWPLSSPPTVYNSRVECIGWSSTSCHDGKTRMSICISGPNNNASAVIWYNRRPVTEINTWARNILRTQESECVCHNGVCPVVFTDGSATGPAETRIYYFKEGKILKWEPLAGTAKHIEECSCYGERAEITCTCRDNWQGSNRPVIRIDPVAMTHTSQYICSPVLTDNPRPNDPTVGKCNDPYPGNNNNGVKGFSYLDGVNTWLGRTISIASRSGYEMLKVPNALTDDKSKPTQGQTIVLNTDWSGYSGSFMDYWAEGECYRACFYVELIRGRPKEDKVWWTSNSIVSMCSSTEFLGQWDWPDGAKIEYFL,1,ARSGGSYRYDGGFDY,"[[""105"", ""A""], [""106"", ""R""], [""107"", ""S""], [""108"", ""G""], [""109"", ""G""], [""110"", ""S""], [""111"", ""Y""], [""111A"", ""R""], [""112A"", ""Y""], [""112"", ""D""], [""113"", ""G""], [""114"", ""G""], [""115"", ""F""], [""116"", ""D""], [""117"", ""Y""]]",15.0
6q20,neuraminidase,DEVQLVESGGRVVRPGGSLRLSCAASGFTFDDYGMSWVRQPPGKGLEFVSGLNWNGDITAFTDSVKGRFTISRDNVKSSLYLQMNSLRADDTAFYYCARVRTWGDYTTGEEIINSWYFDLWGRGTLVTVSSASTKGPSVFPLAPSSKSTSGGTAALGCLVKDYFPEPVTVSWNSGALTSGVHTFPAVLQSSGLYSLSSVVTVPSSSLGTQTYICNVNHKPSNTKVDKRVEPKSCHHHHHH,GSPSRVEYRNWSKPQCQITGFAPFSKDNSIRLSAGGDIWVTREPYVSCDPGKCYQFALGQGTTLDNKHSNGTIHDRIPHRTLLMNELGVPFHLGTKQVCVAWSSSSCHDGKAWLHVCVTGDDRNATASFIYDGRLVDSIGSWSQNILRTQESECVCINGTCTVVMTDGSASGRADTRILFIKEGKIVHISPLSGSAQHIEECSCYPRYPDVRCICRDNWKGSNRPVIDINMEDYSIDSSYVCSGLVGDTPRNDDSSSNSNCRDPNNERGNPGVKGWAFDNGDDVWMGRTISKDSRSGYETFKVIGGWSTPNSKSQVNRQVIVDNNNWSGYSGIFSVEGKSCINRCFYVELIRGRPQETRVWWTSNSIVVFCGTSGTYGTGSWPDGANINFMPI,1,ARVRTWGDYTTGEEIINSWYFDL,"[[""105"", ""A""], [""106"", ""R""], [""107"", ""V""], [""108"", ""R""], [""109"", ""T""], [""110"", ""W""], [""111"", ""G""], [""111A"", ""D""], [""111B"", ""Y""], [""111C"", ""T""], [""111D"", ""T""], [""111E"", ""G""], [""112E"", ""E""], [""112D"", ""E""], [""112C"", ""I""], [""112B"", ""I""], [""112A"", ""N""], [""112"", ""S""], [""113"", ""W""], [""114"", ""Y""], [""115"", ""F""], [""116"", ""D""], [""117"", ""L""]]",23.0
1nma,neuraminidase,EVQLQQPGAELVKPGASVRMSCKASGYTFTNYNMYWVKQSPGQGLEWIGIFYPGNGDTSYNQKFKDKATLTADKSSNTAYMQLSSLTSEDSAVYYCARSGGSYRYDGGFDYWGQGTTLTVSS,REFNNLTKGLCTINSWHIYGKDNAVRIGEDSDVLVTREPYVSCDPDECRFYALSQGTTIRGKHSNGTIHDRSQYRDLISWPLSSPPTVYNSRVECIGWSSTSCHDGRARMSICISGPNNNASAVIWYNRRPVTEINTWARNILRTQESECVCQNGVCPVVFTDGSATGPAETRIYYFKEGKILKWEPLTGTAKHIEECSCYGEQAGVTCTCRDNWQGSNRPVIQIDPVAMTHTSQYICSPVLTDNPRPNDPTVGKCNDPYPGNNNNGVKGFSYLDGGNTWLGRTISIASRSGYEMLKVPNALTDDKSRPTQGQTIVLNTDWSGYSGSFMDYWAEGECYRACFYVELIRGRPKEDKVWWTSNSIVSMCSSTEFLGQWNWPDGAKIEYFL,1,ARSGGSYRYDGGFDY,"[[""105"", ""A""], [""106"", ""R""], [""107"", ""S""], [""108"", ""G""], [""109"", ""G""], [""110"", ""S""], [""111"", ""Y""], [""111A"", ""R""], [""112A"", ""Y""], [""112"", ""D""], [""113"", ""G""], [""114"", ""G""], [""115"", ""F""], [""116"", ""D""], [""117"", ""Y""]]",15.0
4qnp,neuraminidase,QVKLQESGGGLVQPKGSLKLSCAASGFTFNTYAMNWVRQAPGKGLEWVARIRSKSNNYATFYADSVKDRFTISRDDSQSMLYLQMHNLKTDDTAMYYCVRPSIYYYASGYLDVWGAGTTVTVSSAKTTAPSVYPLAPVCGDTTGSSVTLGCLVKGYFPEPVTLTWNSGSLSSGVHTFPAVLQSDLYTLSSSVTVTSSTWPSQSITCNVAHPASSTKVDKKIEPR,SVKLAGNSSLCPVSGWAIYSKDNSVRIGSKGDVFVIREPFISCSPLECRTFFLTQGALLNDKHSNGTIKDRSPYRTLMSCPIGEVPSPYNSRFESVAWSASACHDGINWLTIGISGPDNGAVAVLKYNGIITDTIKSWRNNILRTQESECACVNGSCFTVMTDGPSNGQASYKIFRIEKGKIVKSVEMNAPNYHYEECSCYPDSSEITCVCRDNWHGSNRPWVSFNQNLEYQIGYICSGIFGDNPRPNDKTGSCGPVSSNGANGVKGFSFKYGNGVWIGRTKSISSRNGFEMIWDPNGWTGTDNNFSIKQDIVGINEWSGYSGSFVQHPELTGLDCIRPCFWVELIRGRPKENTIWTSGSSISFCGVNSDTVGWSWPDGAELPFTI,1,VRPSIYYYASGYLDV,"[[""105"", ""V""], [""106"", ""R""], [""107"", ""P""], [""108"", ""S""], [""109"", ""I""], [""110"", ""Y""], [""111"", ""Y""], [""111A"", ""Y""], [""112A"", ""A""], [""112"", ""S""], [""113"", ""G""], [""114"", ""Y""], [""115"", ""L""], [""116"", ""D""], [""117"", ""V""]]",15.0
6n6b,neuraminidase,DVQLEQSGPGLVKPSQSLSLTCTVTGYSITTDYAWNWIRQFPGNKLEWMGYISYTGSTTYNPSLKSRISITRDTSKNQFFLQLISVNAEDTATYYCARRGDYDYFDYWGQGTTLTVSSAKTTAPSVYPLAPVCGDTTGSSVTLGCLVKGYFPEPVTLTWNSGSLSSGVHTFPAVLQSDLYTLSSSVTVTSSTWPSQSITCNVAHPASSTKVDKKIEPRGPT,GSGDSGSPGAEYRNWSKPQCNITGFAPFSKDNSIRLSAGGDIWVTREPYVSCDPDKCYQFALGQGTTLNNRHSNNTVHDRSPYRTLLMNELGVPFHLGTRQVCIAWSSSSCHDGKAWLHVCITGDDNNATASFIYNGRLVDSIGSWSKNILRTQESECVCINGTCTVVMTDGSASGKADTKILFIEEGKIVHISTLSGSAQHVEECSCYPRYPGVRCVCRDNWKGSNRPIVDINMKDYSIASSYVCSGLVGDTPRKNDSFSSSHCLDPNNEKGGHGVKGWAFDDGNDVWMGRTISEEFRLGYETFKVIKGWSNPNSKLQTNRQVIVEKGNRSGYSGVFSIEDKSCINRCFYVELIRGRKEETKVWWTSNSIVVFCGTSGTYGTGSWPDGADINLMPI,1,ARRGDYDYFDY,"[[""105"", ""A""], [""106"", ""R""], [""107"", ""R""], [""108"", ""G""], [""109"", ""D""], [""110"", ""Y""], [""113"", ""D""], [""114"", ""Y""], [""115"", ""F""], [""116"", ""D""], [""117"", ""Y""]]",11.0
1nmb,neuraminidase,QVQLQQPGAELVKPGASVRMSCKASGYTFTNYNMYWVKQSPGQGLEWIGIFYPGNGDTSYNQKFKDKATLTADKSSNTAYMQLSSLTSEDSAVYYCARSGGSYRYDGGFDYWGQGTTLTVSS,MNPNQKILCTSATALVIGTIAVLIGIVNLGLNIGLHLKPSCNCSRSQPEATNASQTIINNYYNETNITQISNTNIQVEERASREFNNLTKGLCTINSWHIYGKDNAVRIGEDSDVLVTREPYVSCDPDECRFYALSQGTTIRGKHSNGTIHDRSQYRDLISWPLSSPPTVYNSRVECIGWSSTSCHDGRARMSICISGPNNNASAVIWYNRRPVTEINTWARNILRTQESECVCQNGVCPVVFTDGSATGPAETRIYYFKEGKILKWEPLTGTAKHIEECSCYGEQAGVTCTCRDNWQGSNRPVIQIDPVAMTHTSQYICSPVLTDNPRPNDPTVGKCNDPYPGNNNNGVKGFSYLDGGNTWLGRTISIASRSGYEMLKVPNALTDDRSKPTQGQTIVLNTDWSGYSGSFMDYWAEGECYRACFYVELIRGRPKEDKVWWTSNSIVSMCSSTEFLGQWNWPDGAKIEYFL,1,ARSGGSYRYDGGFDY,"[[""105"", ""A""], [""106"", ""R""], [""107"", ""S""], [""108"", ""G""], [""109"", ""G""], [""110"", ""S""], [""111"", ""Y""], [""111A"", ""R""], [""112A"", ""Y""], [""112"", ""D""], [""113"", ""G""], [""114"", ""G""], [""115"", ""F""], [""116"", ""D""], [""117"", ""Y""]]",15.0
1ncc,neuraminidase,QIQLVQSGPELKKPGETVKISCKASGYTFTNYGMNWVKQAPGKGLKWMGWINTNTGEPTYGEEFKGRFAFSLETSASTANLQINNLKNEDTATFFCARGEDNFGSLSDYWGQGTTVTVSSAKTTAPSVYPLAPVCGDTTGSSVTLGCLVKGYFPEPVTLTWNSGSLSSGVHTFPAVLQSDLYTLSSSVTVTSSTWPSQSITCNVAHPASSTKVDKKIEPRG,IRDFNNLTKGLCTINSWHIYGKDNAVRIGEDSDVLVTREPYVSCDPDECRFYALSQGTTIRGKHSNGTIHDRSQYRALISWPLSSPPTVYNSRVECIGWSSTSCHDGKTRMSICISGPNNNASAVIWYNRRPVTEINTWARNILRTQESECVCHNGVCPVVFTDGSATGPAETRIYYFKEGKILKWEPLAGTAKHIEECSCYGERAEITCTCRDNWQGSNRPVIRIDPVAMTHTSQYICSPVLTDNPRPNDPTVGKCNDPYPGNNNNGVKGFSYLDGVNTWLGRTISRASRSGYEMLKVPNALTDDKSKPTQGQTIVLNTDWSGYSGSFMDYWAEGECYRACFYVELIRGRPKEDKVWWTSNSIVSMCSSTEFLGQWDWPDGAKIEYFL,1,ARGEDNFGSLSDY,"[[""105"", ""A""], [""106"", ""R""], [""107"", ""G""], [""108"", ""E""], [""109"", ""D""], [""110"", ""N""], [""111"", ""F""], [""112"", ""G""], [""113"", ""S""], [""114"", ""L""], [""115"", ""S""], [""116"", ""D""], [""117"", ""Y""]]",13.0
6lxi,neuraminidase,EVQLVQSGAEVKKPGSSVKVSCKASGGPFSSYGFSWVRQAPGQGLEWMGGIIPVYGTTNYAQKFQGRVTITADESTSTAYMELSSLKSEDTAVYYCARDLQDTPMVDRIIGSYYYYNGLDVWGQGTTVTVSSASTKGPSVFPLAPSSKSTSGGTAALGCLVKDYFPEPVTVSWNSGALTSGVHTFPAVLQSSGLYSLSSVVTVPSSSLGTQTYICNVNHKPSNTKVDKKVEPKSCDK,MNPNQKIITIGSICMVVGIISLILQIGNIISIWVSHSIQTGNQNHPETCNQSIITYENNTWVNQTYVNISNTNVVAGQDATSVILTGNSSLCPISGWAIYSKDNGIRIGSKGDVFVIREPFISCSHLECRTFFLTQGALLNDKHSNGTVKDRSPYRTLMSCPVGEAPSPYNSRFESVAWSASACHDGMGWLTIGISGPDNGAVAVLKYNGIITDTIKSWRNNILRTQESECACVNGSCFTIMTDGPSNGQASYKILKIEKGKVTKSIELNAPNYHYEECSCYPDTGKVMCVCRDNWHGSNRPWVSFDQNLDYQIGYICSGVFGDNPRPNDGTGSCGPVSSNGANGIKGFSFRYDNGVWIGRTKSTSSRSGFEMIWDPNGWTETDSSFSVRQDIVAITDWSGYSGSFVQHPELTGLDCMRPCFWVELIRGQPKENTIWTSGSSISFCGVNSDTVGWSWPDGAELPFSIDK,1,ARDLQDTPMVDRIIGSYYYYNGLDV,"[[""105"", ""A""], [""106"", ""R""], [""107"", ""D""], [""108"", ""L""], [""109"", ""Q""], [""110"", ""D""], [""111"", ""T""], [""111A"", ""P""], [""111B"", ""M""], [""111C"", ""V""], [""111D"", ""D""], [""111E"", ""R""], [""111F"", ""I""], [""112F"", ""I""], [""112E"", ""G""], [""112D"", ""S""], [""112C"", ""Y""], [""112B"", ""Y""], [""112A"", ""Y""], [""112"", ""Y""], [""113"", ""N""], [""114"", ""G""], [""115"", ""L""], [""116"", ""D""], [""117"", ""V""]]",25.0
1a14,neuraminidase,QVQLQQSGAELVKPGASVRMSCKASGYTFTNYNMYWVKQSPGQGLEWIGIFYPGNGDTSYNQKFKDKATLTADKSSNTAYMQLSSLTSEDSAVYYCARSGGSYRYDGGFDYWGQGTTVTV,RDFNNLTKGLCTINSWHIYGKDNAVRIGEDSDVLVTREPYVSCDPDECRFYALSQGTTIRGKHSNGTIHDRSQYRALISWPLSSPPTVYNSRVECIGWSSTSCHDGKTRMSICISGPNNNASAVIWYNRRPVTEINTWARNILRTQESECVCHNGVCPVVFTDGSATGPAETRIYYFKEGKILKWEPLAGTAKHIEECSCYGERAEITCTCRDNWQGSNRPVIRIDPVAMTHTSQYICSPVLTDNPRPNDPTVGKCNDPYPGNNNNGVKGFSYLDGVNTWLGRTISIASRSGYEMLKVPNALTDDKSKPTQGQTIVLNTDWSGYSGSFMDYWAEGECYRACFYVELIRGRPKEDKVWWTSNSIVSMCSSTEFLGQWDWPDGAKIEYFL,1,ARSGGSYRYDGGFDY,"[[""105"", ""A""], [""106"", ""R""], [""107"", ""S""], [""108"", ""G""], [""109"", ""G""], [""110"", ""S""], [""111"", ""Y""], [""111A"", ""R""], [""112A"", ""Y""], [""112"", ""D""], [""113"", ""G""], [""114"", ""G""], [""115"", ""F""], [""116"", ""D""], [""117"", ""Y""]]",15.0
